Workbook

Sheet Information
A1: ************ Feb 2022 *****************
A2: ****** Calibration criteria and model results for each mesocosm study (14a, 16a, 18c, 19b) ******
A4: ****** | B4: Each sheet refers to the different species groups
A6: ***** | B6: Please fill in the results of the model simulations (4 different runs for the 4 different studies)
A7: ***** | B7: If possible, highlight with different colors when the model met or didn't meet the calibration criteria
A8: ***** | B8: Refer to the file "Criteria_ModelCalib_Dec2021.docx" on Teams for further information about the calibration criteria (Documents > General > Calibration),
A9: ***** | B9: or to the preseantation "Calibration Results.pptx" (General > Meeting_files > Feb 2022 Meetings)
A13: Version 3
A15: Last changes
A16: Isabel O'Connor, EBP, 29.06.2023

Sheet Macroinvertebrates
A1: Best run | B1: CALIBRATION CRITERIA | H1: Model outputs: simulation of study 14a | L1: Model outputs: simulation of study 16a | P1: Model outputs: simulation of study 18c | T1: Model outputs: simulation of study 19b
A2: Species group | B2: Earliest peak date | C2: Latest peak date | D2: Minimum peak abundance (ind/sample) | E2: Maximum peak abundance (ind/sample) | F2: Minimum abundance (ind/sample) | G2: Maximum abundance (ind/sample) | H2: Peak date | I2: Minimum abundance (ind/sample) | J2: Maximum abundance (ind/sample) | K2: Mean abundance (ind/sample) | L2: Peak date | M2: Minimum abundance (ind/sample) | N2: Maximum abundance (ind/sample) | O2: Mean abundance (ind/sample) | P2: Peak date | Q2: Minimum abundance (ind/sample) | R2: Maximum abundance (ind/sample) | S2: Mean abundance (ind/sample) | T2: Peak date | U2: Minimum abundance (ind/sample) | V2: Maximum abundance (ind/sample) | W2: Mean abundance (ind/sample)
A3: Asellus | B3: nd | C3: nd | D3: nd | E3: nd | F3: 0.8 | G3: 121.9 | I3: =VLOOKUP(A3,'raw data rev best'!$B$2:$R$27,4, FALSE) -> 28.476251 | J3: =VLOOKUP(A3,'raw data rev best'!$B$2:$R$27,5, FALSE) -> 29.281516 | M3: =VLOOKUP($A3,'raw data rev best'!$B$2:$R$27,8, FALSE) -> 8.8137641 | N3: =VLOOKUP($A3,'raw data rev best'!$B$2:$R$27,9, FALSE) -> 9.9718342 | Q3: =VLOOKUP($A3,'raw data rev best'!$B$2:$R$27,12, FALSE) -> 47.401955 | R3: =VLOOKUP($A3,'raw data rev best'!$B$2:$R$27,13, FALSE) -> 48.364833 | U3: =VLOOKUP($A3,'raw data rev best'!$B$2:$R$27,16, FALSE) -> 2.0436927 | V3: =VLOOKUP($A3,'raw data rev best'!$B$2:$R$27,17, FALSE) -> 2.2323997
A4: Chaoborus | B4: 08-May2) | C4: 44773 | D4: 88.3 | E4: 184.2 | F4: 10.6 | G4: 167 | H4: =VLOOKUP($A4,'raw data rev best'!$B$2:$R$27,2,FALSE) -> 41771 | I4: =VLOOKUP(A4,'raw data rev best'!$B$2:$R$27,4, FALSE) -> 8.3192192 | J4: =VLOOKUP(A4,'raw data rev best'!$B$2:$R$27,5, FALSE) -> 106.86859 | L4: =VLOOKUP($A4,'raw data rev best'!$B$2:$R$27,6,FALSE) -> 42538 | M4: =VLOOKUP($A4,'raw data rev best'!$B$2:$R$27,8, FALSE) -> 9.1864422 | N4: =VLOOKUP($A4,'raw data rev best'!$B$2:$R$27,9, FALSE) -> 42.898799 | P4: =VLOOKUP($A4,'raw data rev best'!$B$2:$R$27,10,FALSE) -> 43241 | Q4: =VLOOKUP($A4,'raw data rev best'!$B$2:$R$27,12, FALSE) -> 16.179518 | R4: =VLOOKUP($A4,'raw data rev best'!$B$2:$R$27,13, FALSE) -> 85.416069 | T4: =VLOOKUP($A4,'raw data rev best'!$B$2:$R$27,14,FALSE) -> 43620 | U4: =VLOOKUP($A4,'raw data rev best'!$B$2:$R$27,16, FALSE) -> 8.506378 | V4: =VLOOKUP($A4,'raw data rev best'!$B$2:$R$27,17, FALSE) -> 76.024696
A5: Chironomidae | B5: nd | C5: nd | D5: nd | E5: nd | F5: 0 | G5: 11.1 | I5: =VLOOKUP(A5,'raw data rev best'!$B$2:$R$27,4, FALSE) -> 0.64138913 | J5: =VLOOKUP(A5,'raw data rev best'!$B$2:$R$27,5, FALSE) -> 1.6832085 | M5: =VLOOKUP($A5,'raw data rev best'!$B$2:$R$27,8, FALSE) -> 3.4068533 | N5: =VLOOKUP($A5,'raw data rev best'!$B$2:$R$27,9, FALSE) -> 9.2455162 | Q5: =VLOOKUP($A5,'raw data rev best'!$B$2:$R$27,12, FALSE) -> 0.16248782 | R5: =VLOOKUP($A5,'raw data rev best'!$B$2:$R$27,13, FALSE) -> 0.33893469 | U5: =VLOOKUP($A5,'raw data rev best'!$B$2:$R$27,16, FALSE) -> 1.9592326 | V5: =VLOOKUP($A5,'raw data rev best'!$B$2:$R$27,17, FALSE) -> 6.1883036
A6: Cloeon | B6: nd | C6: nd | D6: nd | E6: nd | F6: 1 | G6: 82.4 | I6: =VLOOKUP(A6,'raw data rev best'!$B$2:$R$27,4, FALSE) -> 5.3077962 | J6: =VLOOKUP(A6,'raw data rev best'!$B$2:$R$27,5, FALSE) -> 10.37656 | M6: =VLOOKUP($A6,'raw data rev best'!$B$2:$R$27,8, FALSE) -> 8.7777277 | N6: =VLOOKUP($A6,'raw data rev best'!$B$2:$R$27,9, FALSE) -> 17.05241 | Q6: =VLOOKUP($A6,'raw data rev best'!$B$2:$R$27,12, FALSE) -> 10.914595 | R6: =VLOOKUP($A6,'raw data rev best'!$B$2:$R$27,13, FALSE) -> 19.125434 | U6: =VLOOKUP($A6,'raw data rev best'!$B$2:$R$27,16, FALSE) -> 1.2404874 | V6: =VLOOKUP($A6,'raw data rev best'!$B$2:$R$27,17, FALSE) -> 2.4650311
A7: Gammarus | B7: 13-May2) | C7: 44769 | D7: 2.8 | E7: 15.6 | F7: 0 | G7: 15.1 | H7: NA | I7: =VLOOKUP(A7,'raw data rev best'!$B$2:$R$27,4, FALSE) -> 0 | J7: =VLOOKUP(A7,'raw data rev best'!$B$2:$R$27,5, FALSE) -> 0 | L7: =VLOOKUP($A7,'raw data rev best'!$B$2:$R$27,6,FALSE) -> 42635 | M7: =VLOOKUP($A7,'raw data rev best'!$B$2:$R$27,8, FALSE) -> 6.7431829 | N7: =VLOOKUP($A7,'raw data rev best'!$B$2:$R$27,9, FALSE) -> 8.6469575 | P7: =VLOOKUP($A7,'raw data rev best'!$B$2:$R$27,10,FALSE) -> 43338 | Q7: =VLOOKUP($A7,'raw data rev best'!$B$2:$R$27,12, FALSE) -> 7.2795145 | R7: =VLOOKUP($A7,'raw data rev best'!$B$2:$R$27,13, FALSE) -> 12.106301 | T7: =VLOOKUP($A7,'raw data rev best'!$B$2:$R$27,14,FALSE) -> NA | U7: =VLOOKUP($A7,'raw data rev best'!$B$2:$R$27,16, FALSE) -> 0 | V7: =VLOOKUP($A7,'raw data rev best'!$B$2:$R$27,17, FALSE) -> 0
A8: Gastropoda | B8: nd | C8: nd | D8: nd | E8: nd | F8: 7.9 | G8: 107.4 | I8: =VLOOKUP(A8,'raw data rev best'!$B$2:$R$27,4, FALSE) -> 6.4514683 | J8: =VLOOKUP(A8,'raw data rev best'!$B$2:$R$27,5, FALSE) -> 10.161411 | M8: =VLOOKUP($A8,'raw data rev best'!$B$2:$R$27,8, FALSE) -> 16.21298 | N8: =VLOOKUP($A8,'raw data rev best'!$B$2:$R$27,9, FALSE) -> 24.06816 | Q8: =VLOOKUP($A8,'raw data rev best'!$B$2:$R$27,12, FALSE) -> 8.7113487 | R8: =VLOOKUP($A8,'raw data rev best'!$B$2:$R$27,13, FALSE) -> 13.708079 | U8: =VLOOKUP($A8,'raw data rev best'!$B$2:$R$27,16, FALSE) -> 9.854806 | V8: =VLOOKUP($A8,'raw data rev best'!$B$2:$R$27,17, FALSE) -> 15.87087
A9: Hirudinea | B9: nd | C9: nd | D9: nd | E9: nd | F9: 0 | G9: 12 | I9: =VLOOKUP(A9,'raw data rev best'!$B$2:$R$27,4, FALSE) -> 1.5625803 | J9: =VLOOKUP(A9,'raw data rev best'!$B$2:$R$27,5, FALSE) -> 5.4277328 | M9: =VLOOKUP($A9,'raw data rev best'!$B$2:$R$27,8, FALSE) -> 0.4098437 | N9: =VLOOKUP($A9,'raw data rev best'!$B$2:$R$27,9, FALSE) -> 1.1100392 | Q9: =VLOOKUP($A9,'raw data rev best'!$B$2:$R$27,12, FALSE) -> 0.79565642 | R9: =VLOOKUP($A9,'raw data rev best'!$B$2:$R$27,13, FALSE) -> 2.892681 | U9: =VLOOKUP($A9,'raw data rev best'!$B$2:$R$27,16, FALSE) -> 0.30285228 | V9: =VLOOKUP($A9,'raw data rev best'!$B$2:$R$27,17, FALSE) -> 1.0673158
A10: Nepomorpha | B10: nd | C10: nd | D10: nd | E10: nd | F10: 0.2 | G10: 4 | I10: =VLOOKUP(A10,'raw data rev best'!$B$2:$R$27,4, FALSE) -> 1.2254528 | J10: =VLOOKUP(A10,'raw data rev best'!$B$2:$R$27,5, FALSE) -> 2.7168536 | M10: =VLOOKUP($A10,'raw data rev best'!$B$2:$R$27,8, FALSE) -> 1.1310608 | N10: =VLOOKUP($A10,'raw data rev best'!$B$2:$R$27,9, FALSE) -> 1.7917985 | Q10: =VLOOKUP($A10,'raw data rev best'!$B$2:$R$27,12, FALSE) -> 1.0493162 | R10: =VLOOKUP($A10,'raw data rev best'!$B$2:$R$27,13, FALSE) -> 1.9221107 | U10: =VLOOKUP($A10,'raw data rev best'!$B$2:$R$27,16, FALSE) -> 1.349891 | V10: =VLOOKUP($A10,'raw data rev best'!$B$2:$R$27,17, FALSE) -> 2.7008861
A11: Odonata | B11: nd | C11: nd | D11: nd | E11: nd | F11: 1 | G11: 28.2 | I11: =VLOOKUP(A11,'raw data rev best'!$B$2:$R$27,4, FALSE) -> 3.3906777 | J11: =VLOOKUP(A11,'raw data rev best'!$B$2:$R$27,5, FALSE) -> 12.078961 | M11: =VLOOKUP($A11,'raw data rev best'!$B$2:$R$27,8, FALSE) -> 9.5019629 | N11: =VLOOKUP($A11,'raw data rev best'!$B$2:$R$27,9, FALSE) -> 22.726341 | Q11: =VLOOKUP($A11,'raw data rev best'!$B$2:$R$27,12, FALSE) -> 1.8956155 | R11: =VLOOKUP($A11,'raw data rev best'!$B$2:$R$27,13, FALSE) -> 3.9636542 | U11: =VLOOKUP($A11,'raw data rev best'!$B$2:$R$27,16, FALSE) -> 4.1913183 | V11: =VLOOKUP($A11,'raw data rev best'!$B$2:$R$27,17, FALSE) -> 12.913542
A12: Oligochaeta | B12: nd | C12: nd | D12: nd | E12: nd | F12: 0.6 | G12: 36.1 | I12: =VLOOKUP(A12,'raw data rev best'!$B$2:$R$27,4, FALSE) -> 0.64576582 | J12: =VLOOKUP(A12,'raw data rev best'!$B$2:$R$27,5, FALSE) -> 1.5085285 | M12: =VLOOKUP($A12,'raw data rev best'!$B$2:$R$27,8, FALSE) -> 1.031621 | N12: =VLOOKUP($A12,'raw data rev best'!$B$2:$R$27,9, FALSE) -> 2.1694129 | Q12: =VLOOKUP($A12,'raw data rev best'!$B$2:$R$27,12, FALSE) -> 2.1391045 | R12: =VLOOKUP($A12,'raw data rev best'!$B$2:$R$27,13, FALSE) -> 5.201124 | U12: =VLOOKUP($A12,'raw data rev best'!$B$2:$R$27,16, FALSE) -> 1.2440175 | V12: =VLOOKUP($A12,'raw data rev best'!$B$2:$R$27,17, FALSE) -> 3.0577547
A13: Tanypodinae | B13: 13-May2) | C13: 44753 | D13: 1.4 | E13: 15 | F13: 0 | G13: 14.5 | H13: =VLOOKUP($A13,'raw data rev best'!$B$2:$R$27,2,FALSE) -> 41771 | I13: =VLOOKUP(A13,'raw data rev best'!$B$2:$R$27,4, FALSE) -> 0.039621681 | J13: =VLOOKUP(A13,'raw data rev best'!$B$2:$R$27,5, FALSE) -> 1.9235831 | L13: =VLOOKUP($A13,'raw data rev best'!$B$2:$R$27,6,FALSE) -> 42538 | M13: =VLOOKUP($A13,'raw data rev best'!$B$2:$R$27,8, FALSE) -> 0.011528777 | N13: =VLOOKUP($A13,'raw data rev best'!$B$2:$R$27,9, FALSE) -> 0.33401166 | P13: =VLOOKUP($A13,'raw data rev best'!$B$2:$R$27,10,FALSE) -> 43241 | Q13: =VLOOKUP($A13,'raw data rev best'!$B$2:$R$27,12, FALSE) -> 0.024618991 | R13: =VLOOKUP($A13,'raw data rev best'!$B$2:$R$27,13, FALSE) -> 1.0630004 | T13: =VLOOKUP($A13,'raw data rev best'!$B$2:$R$27,14,FALSE) -> 43620 | U13: =VLOOKUP($A13,'raw data rev best'!$B$2:$R$27,16, FALSE) -> 0.045984048 | V13: =VLOOKUP($A13,'raw data rev best'!$B$2:$R$27,17, FALSE) -> 2.5123711
A15: Macroinvertebrates | B15: Initial performance score | C15: Waterborne methodology
A16: # criteria | B16: 100 | C16: 25
A17: # criteria met | B17: =B16-6 -> 94 | C17: 22
A18: # criteria met | B18: =B17/B16 -> 0.94 | C18: =C17/C16 -> 0.88
A20: Total
A21: # criteria total | B21: =B16+Zooplankton!B14+Phytoplankton!B10+Periphyton!B9 -> 232 | C21: =C16+Zooplankton!C14+Phytoplankton!C10+Periphyton!C9 -> 58
A22: # criteria met total | B22: =B17+Zooplankton!B15+Phytoplankton!B11+Periphyton!B10 -> 200 | C22: =C17+Zooplankton!C15+Phytoplankton!C11+Periphyton!C10 -> 46
A23: # criteria met total | B23: =B22/B21 -> 0.86206897 | C23: =C22/C21 -> 0.79310345

Sheet Zooplankton
A1: Best run | B1: CALIBRATION CRITERIA | H1: Model outputs: simulation of study 14a | L1: Model outputs: simulation of study 16a | P1: Model outputs: simulation of study 18c | T1: Model outputs: simulation of study 19b
A2: Species group | B2: Earliest peak date | C2: Latest peak date | D2: Minimum peak abundance (ind/sample) | E2: Maximum peak abundance (ind/sample) | F2: Minimum abundance (ind/sample) | G2: Maximum abundance (ind/sample) | H2: Peak date | I2: Minimum abundance (ind/sample) | J2: Maximum abundance (ind/sample) | K2: Mean abundance (ind/sample) | L2: Peak date | M2: Minimum abundance (ind/sample) | N2: Maximum abundance (ind/sample) | O2: Mean abundance (ind/sample) | P2: Peak date | Q2: Minimum abundance (ind/sample) | R2: Maximum abundance (ind/sample) | S2: Mean abundance (ind/sample) | T2: Peak date | U2: Minimum abundance (ind/sample) | V2: Maximum abundance (ind/sample) | W2: Mean abundance (ind/sample)
A3: Cladocera_phytophilous | B3: 44761 | C3: 22-Sep3) | D3: 0.3 | E3: 27.5 | F3: 0 | G3: 24.2 | H3: ='raw data rev best'!C13 -> NA | I3: =VLOOKUP(A3,'raw data rev best'!$B$2:$R$27,4, FALSE) -> 0 | J3: =VLOOKUP(A3,'raw data rev best'!$B$2:$R$27,5, FALSE) -> 0 | L3: ='raw data rev best'!G13 -> 42538 | M3: =VLOOKUP($A3,'raw data rev best'!$B$2:$R$27,8, FALSE) -> 0.0007135484 | N3: =VLOOKUP($A3,'raw data rev best'!$B$2:$R$27,9, FALSE) -> 1.5460812 | P3: ='raw data rev best'!K13 -> 43241 | Q3: =VLOOKUP($A3,'raw data rev best'!$B$2:$R$27,12, FALSE) -> 9.0079786e-06 | R3: =VLOOKUP($A3,'raw data rev best'!$B$2:$R$27,13, FALSE) -> 0.060308565 | T3: ='raw data rev best'!P13 -> 43620 | U3: =VLOOKUP($A3,'raw data rev best'!$B$2:$R$27,16, FALSE) -> 3.0416081e-06 | V3: =VLOOKUP($A3,'raw data rev best'!$B$2:$R$27,17, FALSE) -> 0.060417602
A4: Cladocera_small | B4: nd | C4: nd | D4: nd | E4: nd | F4: 0 | G4: 83.4 | I4: =VLOOKUP(A4,'raw data rev best'!$B$2:$R$27,4, FALSE) -> 0.55489659 | J4: =VLOOKUP(A4,'raw data rev best'!$B$2:$R$27,5, FALSE) -> 53.98886 | M4: =VLOOKUP($A4,'raw data rev best'!$B$2:$R$27,8, FALSE) -> 17.006986 | N4: =VLOOKUP($A4,'raw data rev best'!$B$2:$R$27,9, FALSE) -> 49.667318 | Q4: =VLOOKUP($A4,'raw data rev best'!$B$2:$R$27,12, FALSE) -> 7.8704568 | R4: =VLOOKUP($A4,'raw data rev best'!$B$2:$R$27,13, FALSE) -> 50.486648 | U4: =VLOOKUP($A4,'raw data rev best'!$B$2:$R$27,16, FALSE) -> 1.4728041 | V4: =VLOOKUP($A4,'raw data rev best'!$B$2:$R$27,17, FALSE) -> 45.602512
A5: Copepoda_herbivorous | B5: nd | C5: nd | D5: nd | E5: nd | F5: 0 | G5: 13.8 | I5: =VLOOKUP(A5,'raw data rev best'!$B$2:$R$27,4, FALSE) -> 0 | J5: =VLOOKUP(A5,'raw data rev best'!$B$2:$R$27,5, FALSE) -> 0 | M5: =VLOOKUP($A5,'raw data rev best'!$B$2:$R$27,8, FALSE) -> 0 | N5: =VLOOKUP($A5,'raw data rev best'!$B$2:$R$27,9, FALSE) -> 0 | Q5: =VLOOKUP($A5,'raw data rev best'!$B$2:$R$27,12, FALSE) -> 0.072942393 | R5: =VLOOKUP($A5,'raw data rev best'!$B$2:$R$27,13, FALSE) -> 0.11046342 | U5: =VLOOKUP($A5,'raw data rev best'!$B$2:$R$27,16, FALSE) -> 0 | V5: =VLOOKUP($A5,'raw data rev best'!$B$2:$R$27,17, FALSE) -> 0
A6: Copepoda_predatory | B6: nd | C6: nd | D6: nd | E6: nd | F6: =6.5+F8 -> 24.2 | G6: =143.1+G8 -> 843.8 | I6: =VLOOKUP(A6,'raw data rev best'!$B$2:$R$27,4, FALSE) -> 98.912222 | J6: =VLOOKUP(A6,'raw data rev best'!$B$2:$R$27,5, FALSE) -> 297.49771 | M6: =VLOOKUP($A6,'raw data rev best'!$B$2:$R$27,8, FALSE) -> 85.582889 | N6: =VLOOKUP($A6,'raw data rev best'!$B$2:$R$27,9, FALSE) -> 194.30284 | Q6: =VLOOKUP($A6,'raw data rev best'!$B$2:$R$27,12, FALSE) -> 401.64779 | R6: =VLOOKUP($A6,'raw data rev best'!$B$2:$R$27,13, FALSE) -> 453.53204 | U6: =VLOOKUP($A6,'raw data rev best'!$B$2:$R$27,16, FALSE) -> 13.384254 | V6: =VLOOKUP($A6,'raw data rev best'!$B$2:$R$27,17, FALSE) -> 139.7152
A7: Daphnidae | B7: 44754 | C7: 22-Sep3) | D7: 6 | E7: 55.3 | F7: 0 | G7: 45.1 | H7: ='raw data rev best'!C17 -> NA | I7: =VLOOKUP(A7,'raw data rev best'!$B$2:$R$27,4, FALSE) -> 0 | J7: =VLOOKUP(A7,'raw data rev best'!$B$2:$R$27,5, FALSE) -> 0 | L7: ='raw data rev best'!G17 -> 42538 | M7: =VLOOKUP($A7,'raw data rev best'!$B$2:$R$27,8, FALSE) -> 3.8861137 | N7: =VLOOKUP($A7,'raw data rev best'!$B$2:$R$27,9, FALSE) -> 25.352629 | P7: ='raw data rev best'!K17 -> 43241 | Q7: =VLOOKUP($A7,'raw data rev best'!$B$2:$R$27,12, FALSE) -> 2.1261499 | R7: =VLOOKUP($A7,'raw data rev best'!$B$2:$R$27,13, FALSE) -> 6.1603797 | T7: ='raw data rev best'!O17 -> 43620 | U7: =VLOOKUP($A7,'raw data rev best'!$B$2:$R$27,16, FALSE) -> 0.70111954 | V7: =VLOOKUP($A7,'raw data rev best'!$B$2:$R$27,17, FALSE) -> 6.5733946
A8: Nauplia | B8: nd | C8: nd | D8: nd | E8: nd | F8: 17.7 | G8: 700.7
A9: Rotifera_herbivorous1 | B9: nd | C9: nd | D9: nd | E9: nd | F9: 1.2 | G9: 634.9 | I9: =VLOOKUP(A9,'raw data rev best'!$B$2:$R$27,4, FALSE) -> 23.407675 | J9: =VLOOKUP(A9,'raw data rev best'!$B$2:$R$27,5, FALSE) -> 61.82626 | M9: =VLOOKUP($A9,'raw data rev best'!$B$2:$R$27,8, FALSE) -> 23.297919 | N9: =VLOOKUP($A9,'raw data rev best'!$B$2:$R$27,9, FALSE) -> 74.062393 | Q9: =VLOOKUP($A9,'raw data rev best'!$B$2:$R$27,12, FALSE) -> 21.291266 | R9: =VLOOKUP($A9,'raw data rev best'!$B$2:$R$27,13, FALSE) -> 71.965746 | U9: =VLOOKUP($A9,'raw data rev best'!$B$2:$R$27,16, FALSE) -> 4.2392522 | V9: =VLOOKUP($A9,'raw data rev best'!$B$2:$R$27,17, FALSE) -> 388.01321
A10: Rotifera_herbivorous2 | B10: 13-May2) | C10: 44746 | D10: 96.6 | E10: 1902.2 | F10: 7.5 | G10: 1484.9 | H10: 41771 | I10: =VLOOKUP(A10,'raw data rev best'!$B$2:$R$27,4, FALSE) -> 44.140071 | J10: =VLOOKUP(A10,'raw data rev best'!$B$2:$R$27,5, FALSE) -> 634.43102 | L10: 42538 | M10: =VLOOKUP($A10,'raw data rev best'!$B$2:$R$27,8, FALSE) -> 10.803805 | N10: =VLOOKUP($A10,'raw data rev best'!$B$2:$R$27,9, FALSE) -> 670.06898 | P10: 43241 | Q10: =VLOOKUP($A10,'raw data rev best'!$B$2:$R$27,12, FALSE) -> 42.994437 | R10: =VLOOKUP($A10,'raw data rev best'!$B$2:$R$27,13, FALSE) -> 937.63582 | T10: 43620 | U10: =VLOOKUP($A10,'raw data rev best'!$B$2:$R$27,16, FALSE) -> 9.180387e-05 | V10: =VLOOKUP($A10,'raw data rev best'!$B$2:$R$27,17, FALSE) -> 1025.5899
A11: Simocephalus | B11: nd | C11: nd | D11: nd | E11: nd | F11: 0.1 | G11: 16.2 | I11: =VLOOKUP(A11,'raw data rev best'!$B$2:$R$27,4, FALSE) -> 0.70725619 | J11: =VLOOKUP(A11,'raw data rev best'!$B$2:$R$27,5, FALSE) -> 2.4294337 | M11: =VLOOKUP($A11,'raw data rev best'!$B$2:$R$27,8, FALSE) -> 0.068556108 | N11: =VLOOKUP($A11,'raw data rev best'!$B$2:$R$27,9, FALSE) -> 0.43443826 | Q11: =VLOOKUP($A11,'raw data rev best'!$B$2:$R$27,12, FALSE) -> 3.9708172 | R11: =VLOOKUP($A11,'raw data rev best'!$B$2:$R$27,13, FALSE) -> 5.2369112 | U11: =VLOOKUP($A11,'raw data rev best'!$B$2:$R$27,16, FALSE) -> 1.002574 | V11: =VLOOKUP($A11,'raw data rev best'!$B$2:$R$27,17, FALSE) -> 2.7665409
B13: Initial performance score | C13: Waterborne methodology
A14: # criteria | B14: =19*4 -> 76 | C14: 19
A15: # criteria met | B15: =B14-10 -> 66 | C15: 14
A16: # criteria met | B16: =B15/B14 -> 0.86842105 | C16: =C15/C14 -> 0.73684211

Sheet Phytoplankton
A1: Best run | B1: CALIBRATION CRITERIA | D1: Model outputs: simulation of study 14a | F1: Model outputs: simulation of study 16a | H1: Model outputs: simulation of study 18c | J1: Model outputs: simulation of study 19b
A2: Species group | B2: Minimum Chlorophyll a (µg/L) | C2: Maximum Chlorophyll a (µg/L) | D2: Minimum Chlorophyll a (µg/L) | E2: Maximum Chlorophyll a (µg/L) | F2: Minimum Chlorophyll a (µg/L) | G2: Maximum Chlorophyll a (µg/L) | H2: Minimum Chlorophyll a (µg/L) | I2: Maximum Chlorophyll a (µg/L) | J2: Minimum Chlorophyll a (µg/L) | K2: Maximum Chlorophyll a (µg/L)
A3: Phytoplankton – Blue Greens | B3: 0.1 | C3: 5.88 | D3: ='raw data rev best'!E21 -> 0.070046613 | E3: ='raw data rev best'!F21 -> 1402.3857 | F3: ='raw data rev best'!I21 -> 1.2252929 | G3: ='raw data rev best'!J21 -> 657.66738 | H3: ='raw data rev best'!M21 -> 0.29846547 | I3: ='raw data rev best'!N21 -> 1639.6106 | J3: ='raw data rev best'!Q21 -> 1.4752727e-24 | K3: ='raw data rev best'!R21 -> 2179.152
A4: Phytoplankton - Greens | B4: 0 | C4: 22.35 | D4: ='raw data rev best'!E22 -> 0.012510587 | E4: ='raw data rev best'!F22 -> 0.75688688 | F4: ='raw data rev best'!I22 -> 0.0084342721 | G4: ='raw data rev best'!J22 -> 2.0009654 | H4: ='raw data rev best'!M22 -> 0.0074139816 | I4: ='raw data rev best'!N22 -> 0.26028753 | J4: ='raw data rev best'!Q22 -> 0.00047858827 | K4: ='raw data rev best'!R22 -> 0.28285897
A5: Phytoplankton - Diatoms | B5: 0.49 | C5: 6.68 | D5: ='raw data rev best'!E23 -> 0.00038270545 | E5: ='raw data rev best'!F23 -> 1.394615 | F5: ='raw data rev best'!I23 -> 0.00014501079 | G5: ='raw data rev best'!J23 -> 2.4124232 | H5: ='raw data rev best'!M23 -> 0.00063825753 | I5: ='raw data rev best'!N23 -> 0.97402909 | J5: ='raw data rev best'!Q23 -> 2.1344683e-05 | K5: ='raw data rev best'!R23 -> 0.80195674
A6: Phytoplankton - Cryptophytes | B6: 0.14 | C6: 6.09 | D6: ='raw data rev best'!E24 -> 1.9988788e-45 | E6: ='raw data rev best'!F24 -> 0.85543619 | F6: ='raw data rev best'!I24 -> 1.7365624e-64 | G6: ='raw data rev best'!J24 -> 2.8415528 | H6: ='raw data rev best'!M24 -> 1.2559684e-31 | I6: ='raw data rev best'!N24 -> 1.7752896 | J6: ='raw data rev best'!Q24 -> 1.0543826e-55 | K6: ='raw data rev best'!R24 -> 30.018603
A7: Total phytoplankton | B7: 0.73 | C7: 41
B9: Initial performance score | C9: Waterborne approach
A10: # criteria | B10: 32 | C10: 8
A11: # criteria met | B11: 16 | C11: 4
A12: # criteria met | B12: =B11/B10 -> 0.5 | C12: =C11/C10 -> 0.5

Sheet Periphyton
A1: Best run | B1: CALIBRATION CRITERIA | D1: Model outputs: simulation of study 14a | F1: Model outputs: simulation of study 16a | H1: Model outputs: simulation of study 18c | J1: Model outputs: simulation of study 19b
A2: Species group | B2: Minimum Chlorophyll a (µg/area) | C2: Maximum Chlorophyll a (µg/area) | D2: Minimum Chlorophyll a (µg/area) | E2: Maximum Chlorophyll a (µg/area) | F2: Minimum Chlorophyll a (µg/area) | G2: Maximum Chlorophyll a (µg/area) | H2: Minimum Chlorophyll a (µg/area) | I2: Maximum Chlorophyll a (µg/area) | J2: Minimum Chlorophyll a (µg/area) | K2: Maximum Chlorophyll a (µg/area)
A3: Periphyton – Blue Greens | B3: 0.12 | C3: 14.82 | D3: ='raw data rev best'!E25 -> 0.21072022 | E3: ='raw data rev best'!F25 -> 0.3441319 | F3: ='raw data rev best'!I25 -> 0.86001839 | G3: ='raw data rev best'!J25 -> 1.6509866 | H3: ='raw data rev best'!M25 -> 0.75459735 | I3: ='raw data rev best'!N25 -> 1.2096621 | J3: ='raw data rev best'!Q25 -> 0.52263363 | K3: ='raw data rev best'!R25 -> 0.95007837
A4: Periphyton - Greens | B4: 0.41 | C4: 20.81 | D4: ='raw data rev best'!E26 -> 2.4246218 | E4: ='raw data rev best'!F26 -> 2.9708636 | F4: ='raw data rev best'!I26 -> 6.5132371 | G4: ='raw data rev best'!J26 -> 8.667352 | H4: ='raw data rev best'!M26 -> 3.6031861 | I4: ='raw data rev best'!N26 -> 4.5745488 | J4: ='raw data rev best'!Q26 -> 3.7901352 | K4: ='raw data rev best'!R26 -> 4.9213
A5: Periphyton - Diatoms | B5: 0.24 | C5: 9.43 | D5: ='raw data rev best'!E27 -> 2.4524416 | E5: ='raw data rev best'!F27 -> 3.0961357 | F5: ='raw data rev best'!I27 -> 2.7060071 | G5: ='raw data rev best'!J27 -> 3.7253721 | H5: ='raw data rev best'!M27 -> 4.8922526 | I5: ='raw data rev best'!N27 -> 6.3709204 | J5: ='raw data rev best'!Q27 -> 1.6356374 | K5: ='raw data rev best'!R27 -> 2.1936296
A6: Total periphyton | B6: 0.77 | C6: 45.06
B8: Initial performance score | C8: Waterborne approach
A9: # criteria | B9: 24 | C9: 6
A10: # criteria met | B10: 24 | C10: 6
A11: # criteria met | B11: =B10/B9 -> 1 | C11: =C10/C9 -> 1

Sheet raw data rev best
B1: Taxa | C1: Earliest_peak_date.1.Co14a | D1: Latest_peak_date.1.Co14a | E1: Min_abundance.1.Co14a | F1: Max_abundance.1.Co14a | G1: Earliest_peak_date.1.Co16a | H1: Latest_peak_date.1.Co16a | I1: Min_abundance.1.Co16a | J1: Max_abundance.1.Co16a | K1: Earliest_peak_date.1.Co18c | L1: Latest_peak_date.1.Co18c | M1: Min_abundance.1.Co18c | N1: Max_abundance.1.Co18c | O1: Earliest_peak_date.1.Co19b | P1: Latest_peak_date.1.Co19b | Q1: Min_abundance.1.Co19b | R1: Max_abundance.1.Co19b
A2: Co14a_hab1_Asellus_Invertebrates | B2: Asellus | C2: NA | D2: NA | E2: 28.476251 | F2: 29.281516 | G2: NA | H2: NA | I2: 8.8137641 | J2: 9.9718342 | K2: NA | L2: NA | M2: 47.401955 | N2: 48.364833 | O2: NA | P2: NA | Q2: 2.0436927 | R2: 2.2323997
A3: Co14a_hab1_Chaoborus_Invertebrates | B3: Chaoborus | C3: =$C$32 -> 41771 | D3: =$C$32 -> 41771 | E3: 8.3192192 | F3: 106.86859 | G3: 42538 | H3: 42538 | I3: 9.1864422 | J3: 42.898799 | K3: 43241 | L3: 43241 | M3: 16.179518 | N3: 85.416069 | O3: 43620 | P3: 43620 | Q3: 8.506378 | R3: 76.024696
A4: Co14a_hab1_Chironomidae_Invertebrates | B4: Chironomidae | C4: NA | D4: NA | E4: 0.64138913 | F4: 1.6832085 | G4: NA | H4: NA | I4: 3.4068533 | J4: 9.2455162 | K4: NA | L4: NA | M4: 0.16248782 | N4: 0.33893469 | O4: NA | P4: NA | Q4: 1.9592326 | R4: 6.1883036
A5: Co14a_hab1_Cloeon_Invertebrates | B5: Cloeon | C5: NA | D5: NA | E5: 5.3077962 | F5: 10.37656 | G5: NA | H5: NA | I5: 8.7777277 | J5: 17.05241 | K5: NA | L5: NA | M5: 10.914595 | N5: 19.125434 | O5: NA | P5: NA | Q5: 1.2404874 | R5: 2.4650311
A6: Co14a_hab1_Gammarus_Invertebrates | B6: Gammarus | C6: NA | D6: NA | E6: 0 | F6: 0 | G6: =G32+G33*365 -> 42635 | H6: =H32+H33*365 -> 42635 | I6: 6.7431829 | J6: 8.6469575 | K6: =K32+K33*365 -> 43338 | L6: =L32+L33*365 -> 43338 | M6: 7.2795145 | N6: 12.106301 | O6: NA | P6: NA | Q6: 0 | R6: 0
A7: Co14a_hab1_Gastropoda_Invertebrates | B7: Gastropoda | C7: NA | D7: NA | E7: 6.4514683 | F7: 10.161411 | G7: NA | H7: NA | I7: 16.21298 | J7: 24.06816 | K7: NA | L7: NA | M7: 8.7113487 | N7: 13.708079 | O7: NA | P7: NA | Q7: 9.854806 | R7: 15.87087
A8: Co14a_hab1_Hirudinea_Invertebrates | B8: Hirudinea | C8: NA | D8: NA | E8: 1.5625803 | F8: 5.4277328 | G8: NA | H8: NA | I8: 0.4098437 | J8: 1.1100392 | K8: NA | L8: NA | M8: 0.79565642 | N8: 2.892681 | O8: NA | P8: NA | Q8: 0.30285228 | R8: 1.0673158
A9: Co14a_hab1_Nepomorpha_Invertebrates | B9: Nepomorpha | C9: NA | D9: NA | E9: 1.2254528 | F9: 2.7168536 | G9: NA | H9: NA | I9: 1.1310608 | J9: 1.7917985 | K9: NA | L9: NA | M9: 1.0493162 | N9: 1.9221107 | O9: NA | P9: NA | Q9: 1.349891 | R9: 2.7008861
A10: Co14a_hab1_Odonata_Invertebrates | B10: Odonata | C10: NA | D10: NA | E10: 3.3906777 | F10: 12.078961 | G10: NA | H10: NA | I10: 9.5019629 | J10: 22.726341 | K10: NA | L10: NA | M10: 1.8956155 | N10: 3.9636542 | O10: NA | P10: NA | Q10: 4.1913183 | R10: 12.913542
A11: Co14a_hab1_Oligochaeta_Invertebrates | B11: Oligochaeta | C11: NA | D11: NA | E11: 0.64576582 | F11: 1.5085285 | G11: NA | H11: NA | I11: 1.031621 | J11: 2.1694129 | K11: NA | L11: NA | M11: 2.1391045 | N11: 5.201124 | O11: NA | P11: NA | Q11: 1.2440175 | R11: 3.0577547
A12: Co14a_hab1_Tanypodinae_Invertebrates | B12: Tanypodinae | C12: =$C$32 -> 41771 | D12: =$C$32 -> 41771 | E12: 0.039621681 | F12: 1.9235831 | G12: 42538 | H12: 42538 | I12: 0.011528777 | J12: 0.33401166 | K12: 43241 | L12: 43241 | M12: 0.024618991 | N12: 1.0630004 | O12: 43620 | P12: 43620 | Q12: 0.045984048 | R12: 2.5123711
A13: Co14a_hab1_CladoceraPhytophilous_Invertebrates | B13: Cladocera_Phytophilous | C13: NA | D13: NA | E13: 0 | F13: 0 | G13: 42538 | H13: 42538 | I13: 0.0007135484 | J13: 1.5460812 | K13: 43241 | L13: 43241 | M13: 9.0079786e-06 | N13: 0.060308565 | O13: 43620 | P13: 43620 | Q13: 3.0416081e-06 | R13: 0.060417602
A14: Co14a_hab1_CladoceraSmall_Invertebrates | B14: Cladocera_Small | C14: NA | D14: NA | E14: 0.55489659 | F14: 53.98886 | G14: NA | H14: NA | I14: 17.006986 | J14: 49.667318 | K14: NA | L14: NA | M14: 7.8704568 | N14: 50.486648 | O14: NA | P14: NA | Q14: 1.4728041 | R14: 45.602512
A15: Co14a_hab1_CopepodaHerbivorous_Invertebrates | B15: Copepoda_Herbivorous | C15: NA | D15: NA | E15: 0 | F15: 0 | G15: NA | H15: NA | I15: 0 | J15: 0 | K15: NA | L15: NA | M15: 0.072942393 | N15: 0.11046342 | O15: NA | P15: NA | Q15: 0 | R15: 0
A16: Co14a_hab1_CopepodaPredatory_Invertebrates | B16: Copepoda_Predatory | C16: NA | D16: NA | E16: 98.912222 | F16: 297.49771 | G16: NA | H16: NA | I16: 85.582889 | J16: 194.30284 | K16: NA | L16: NA | M16: 401.64779 | N16: 453.53204 | O16: NA | P16: NA | Q16: 13.384254 | R16: 139.7152
A17: Co14a_hab1_Daphnidae_Invertebrates | B17: Daphnidae | C17: NA | D17: NA | E17: 0 | F17: 0 | G17: 42538 | H17: 42538 | I17: 3.8861137 | J17: 25.352629 | K17: 43241 | L17: 43241 | M17: 2.1261499 | N17: 6.1603797 | O17: 43620 | P17: 43620 | Q17: 0.70111954 | R17: 6.5733946
A18: Co14a_hab1_RotiferaHerbivorous1_Invertebrates | B18: Rotifera_Herbivorous1 | C18: NA | D18: NA | E18: 23.407675 | F18: 61.82626 | G18: NA | H18: NA | I18: 23.297919 | J18: 74.062393 | K18: NA | L18: NA | M18: 21.291266 | N18: 71.965746 | O18: NA | P18: NA | Q18: 4.2392522 | R18: 388.01321
A19: Co14a_hab1_RotiferaHerbivorous2_Invertebrates | B19: Rotifera_Herbivorous2 | C19: =$C$32 -> 41771 | D19: =$C$32 -> 41771 | E19: 44.140071 | F19: 634.43102 | G19: 42538 | H19: 42538 | I19: 10.803805 | J19: 670.06898 | K19: 43241 | L19: 43241 | M19: 42.994437 | N19: 937.63582 | O19: 43620 | P19: 43620 | Q19: 9.180387e-05 | R19: 1025.5899
A20: Co14a_hab1_Simocephalus_Invertebrates | B20: Simocephalus | C20: NA | D20: NA | E20: 0.70725619 | F20: 2.4294337 | G20: NA | H20: NA | I20: 0.068556108 | J20: 0.43443826 | K20: NA | L20: NA | M20: 3.9708172 | N20: 5.2369112 | O20: NA | P20: NA | Q20: 1.002574 | R20: 2.7665409
A21: Co14a_hab1_PhBlueGreens_Algae | B21: PhBlueGreens | C21: NA | D21: NA | E21: 0.070046613 | F21: 1402.3857 | G21: NA | H21: NA | I21: 1.2252929 | J21: 657.66738 | K21: NA | L21: NA | M21: 0.29846547 | N21: 1639.6106 | O21: NA | P21: NA | Q21: 1.4752727e-24 | R21: 2179.152
A22: Co14a_hab1_PhGreens_Algae | B22: PhGreens | C22: NA | D22: NA | E22: 0.012510587 | F22: 0.75688688 | G22: NA | H22: NA | I22: 0.0084342721 | J22: 2.0009654 | K22: NA | L22: NA | M22: 0.0074139816 | N22: 0.26028753 | O22: NA | P22: NA | Q22: 0.00047858827 | R22: 0.28285897
A23: Co14a_hab1_PhDiatoms_Algae | B23: PhDiatoms | C23: NA | D23: NA | E23: 0.00038270545 | F23: 1.394615 | G23: NA | H23: NA | I23: 0.00014501079 | J23: 2.4124232 | K23: NA | L23: NA | M23: 0.00063825753 | N23: 0.97402909 | O23: NA | P23: NA | Q23: 2.1344683e-05 | R23: 0.80195674
A24: Co14a_hab1_PhCryptophytes_Algae | B24: PhCryptophytes | C24: NA | D24: NA | E24: 1.9988788e-45 | F24: 0.85543619 | G24: NA | H24: NA | I24: 1.7365624e-64 | J24: 2.8415528 | K24: NA | L24: NA | M24: 1.2559684e-31 | N24: 1.7752896 | O24: NA | P24: NA | Q24: 1.0543826e-55 | R24: 30.018603
A25: Co14a_hab1_PeBlueGreens_Algae | B25: PeBlueGreens | C25: NA | D25: NA | E25: 0.21072022 | F25: 0.3441319 | G25: NA | H25: NA | I25: 0.86001839 | J25: 1.6509866 | K25: NA | L25: NA | M25: 0.75459735 | N25: 1.2096621 | O25: NA | P25: NA | Q25: 0.52263363 | R25: 0.95007837
A26: Co14a_hab1_PeGreens_Algae | B26: PeGreens | C26: NA | D26: NA | E26: 2.4246218 | F26: 2.9708636 | G26: NA | H26: NA | I26: 6.5132371 | J26: 8.667352 | K26: NA | L26: NA | M26: 3.6031861 | N26: 4.5745488 | O26: NA | P26: NA | Q26: 3.7901352 | R26: 4.9213
A27: Co14a_hab1_PeDiatoms_Algae | B27: PeDiatoms | C27: NA | D27: NA | E27: 2.4524416 | F27: 3.0961357 | G27: NA | H27: NA | I27: 2.7060071 | J27: 3.7253721 | K27: NA | L27: NA | M27: 4.8922526 | N27: 6.3709204 | O27: NA | P27: NA | Q27: 1.6356374 | R27: 2.1936296
A32: t.start | C32: 41771 | D32: 41771 | G32: 42538 | H32: 42538 | K32: 43241 | L32: 43241 | O32: 43620 | P32: 43620
G33: 0.26575342 | H33: 0.26575342 | K33: 0.26575342 | L33: 0.26575342

Sheet raw data rev top set
B1: Taxa | C1: Earliest_peak_date.Co14a | D1: Latest_peak_date.Co14a | E1: Min_abundance.Co14a | F1: Max_abundance.Co14a | G1: Earliest_peak_date.Co16a | H1: Latest_peak_date.Co16a | I1: Min_abundance.Co16a | J1: Max_abundance.Co16a | K1: Earliest_peak_date.Co18c | L1: Latest_peak_date.Co18c | M1: Min_abundance.Co18c | N1: Max_abundance.Co18c | O1: Earliest_peak_date.Co19b | P1: Latest_peak_date.Co19b | Q1: Min_abundance.Co19b | R1: Max_abundance.Co19b
A2: Co14a_hab1_Asellus_Invertebrates | B2: Asellus_Invertebrates
A3: Co14a_hab1_Chaoborus_Invertebrates | B3: Chaoborus_Invertebrates
A4: Co14a_hab1_Chironomidae_Invertebrates | B4: Chironomidae_Invertebrates
A5: Co14a_hab1_Cloeon_Invertebrates | B5: Cloeon_Invertebrates
A6: Co14a_hab1_Gammarus_Invertebrates | B6: Gammarus_Invertebrates
A7: Co14a_hab1_Gastropoda_Invertebrates | B7: Gastropoda_Invertebrates
A8: Co14a_hab1_Hirudinea_Invertebrates | B8: Hirudinea_Invertebrates
A9: Co14a_hab1_Nepomorpha_Invertebrates | B9: Nepomorpha_Invertebrates
A10: Co14a_hab1_Odonata_Invertebrates | B10: Odonata_Invertebrates
A11: Co14a_hab1_Oligochaeta_Invertebrates | B11: Oligochaeta_Invertebrates
A12: Co14a_hab1_Tanypodinae_Invertebrates | B12: Tanypodinae_Invertebrates
A13: Co14a_hab1_CladoceraPhytophilous_Invertebrates | B13: CladoceraPhytophilous_Invertebrates
... A17: Co14a_hab1_Daphnidae_Invertebrates | B17: Daphnidae_Invertebrates
B18: Nauplia
A19: Co14a_hab1_RotiferaHerbivorous1_Invertebrates | B19: RotiferaHerbivorous1_Invertebrates
A20: Co14a_hab1_RotiferaHerbivorous2_Invertebrates | B20: RotiferaHerbivorous2_Invertebrates
A21: Co14a_hab1_Simocephalus_Invertebrates | B21: Simocephalus_Invertebrates
A22: Co14a_hab1_PhBlueGreens_Algae | B22: PhBlueGreens_Algae
A23: Co14a_hab1_PhGreens_Algae | B23: PhGreens_Algae
A24: Co14a_hab1_PhDiatoms_Algae | B24: PhDiatoms_Algae
A25: Co14a_hab1_PhCryptophytes_Algae | B25: PhCryptophytes_Algae
A26: Co14a_hab1_PeBlueGreens_Algae | B26: PeBlueGreens_Algae
A27: Co14a_hab1_PeGreens_Algae | B27: PeGreens_Algae
A28: Co14a_hab1_PeDiatoms_Algae | B28: PeDiatoms_Algae
