Workbook

Sheet Meta information
A1: Project: Ecosystem modeling of mesocosm studies
A2: Documentation of model inputs for model:
A4: Tables included:
A5: Input parameters | B5: List of model input parameters and detailed documentation of parameter estimation (see description of columns below)
A6: Intermediary parameters | B6: List of parameters used to calculate or estimate model input parameters (e.g., conversion factors, etc.; see description of columns below)
A7: Input files | B7: List of input files used by the model (e.g., daily weather data); if model parameters are defined in input files, the individual parameters also need to be documented in the input parameter table as well
A8: Unused references | B8: According to the EFSA good modeling practice (2014), all data available to parameterize a model should be used. If a relevant data source is not used, a justification is needed. This table lists the unused reference along with a justification.
A10: Columns in 'Input parameters'
A11: Parameter name | B11: Name of the parameter used in the model description
A12: Name in code | B12: Name of parameter in the model code
A13: Input method | B13: Description of how parameter is fed into the model, e.g., interface, input file (include file name)
A14: Unit | B14: Parameter unit
A15: Biological name/meaning | B15: Corresponding name or meaning of the parameter in the real system(e.g., wet weight)
A16: Estimated value | B16: Parameter value used as baseline
A17: Uncertainty (min, max of 95% interval or range of reported values) | B17: Biologically relevant range of parameter values
A18: References (including page #, table #, etc.) | B18: References used for parameter estimation including details such as page, table and/or figure number, version number or access date for online data bases; if other relevant references reporting data for the estimation of the parameter are avaialbe, but were not used, note "see unused references" and list those on sheet "Unused references" along with a justification why the references were not used.
A19: Species used in measurement | B19: Species for which the data used for parameter estimation was reported in the references
A20: Experimental setting of measurement | B20: Summary of experimental setting and design reported in the references, including laboratory conditions or location and time of field setting, sample sizes etc. Detailed description of the studies or data sets used for parameterization, including an assessment of data quality, to be included in the TRACE documentation (provide corresponding section and page number).
A21: Justification of relevance | B21: Justification for the use of the data source if species or experimental setting differ from mesocosm study: why is the data source relevant for model parameterization nevertheless? In addition to a brief summary here, you can provide a reference to the TRACE documentation (including section and page number).
A22: Estimation method (direct use of data, derived from literature source, model calibration) | B22: General approach used for parameter estimation
... A24: External files used for parameter estimation (e.g., scripts, tables, etc.) | B24: External files used for the parameter estimation and short description of files or description of methodology; include reference to TRACE documentation (including section and page number) if applicable
A26: Columns in 'Input files'
A27: Type of data in input file (e.g., daily temperature) | B27: List each type of data read from file by the model separately even if multiple data types are included in a single input file
A28: File name in which data is contained | B28: Name of the input file in which the data is contained
A29: Unit(s) of data | B29: Units of the data set
A30: Format of data (e.g., number of data points included) | B30: Format of data needed in the input file, including, e.g., temporal resolution, number of data entries, etc.
A31: Name/meaning in real system | B31: Name or meaning of the data in the corresponding real system
A32: Description of uncertainty of data in the input file | B32: Uncertainty in the input data
A33: References (including page #, table #, etc.) | B33: References used for compilation of input data including details such as page, table and/or figure number, version number or access date for online data bases; if other relevant references reporting data for the estimation of the parameter are avaialbe, but were not used, note "see unused references" and list those on sheet "Unused references" along with a justification why the references were not used
A34: Description of system from which data originates | B34: Location, time of measurements taken; differences between system from which data were taken and the specific mesocosms used for the current study
A35: Estimation method (direct use of data, derived from original source, etc.) | B35: Method used for data estimation
A36: Justification of relevance | B36: Justification for the use of the data source if species or experimental setting differ from mesocosm study: why is the data source relevant for model parameterization nevertheless? In addition to a brief summary here, you can provide a reference to the TRACE documentation (including section and page number).
A37: Description of methods and intermediary parameters used for compilation of input data (or reference to separate document) | B37: Description of methods used to derive or estimate the input values and uncertainty from empirical data, intermediary parameters (see separate sheet) applied; provide detailed method description as applicable in the TRACE documentation, and include reference to section and page number
A38: External files used for data estimation/ compilation (e.g., scripts, tables, etc.) or description of methodology | B38: External files used for the parameter estimation and short description of files or description of methodology; include reference to TRACE documentation (including section and page number) if applicable
A40: Columns in 'Intermediary parameters'
A41: Name of intermediary parameter | B41: Name of the intermediary parameter used in the model description
A42: Used in the calculation/ estimation of model parameter(s) | B42: Name of the model input parameter(s) or input data that use the intermediary parameter for their estimation or calculation
A43: Unit | B43: Parameter unit
A44: Biological name/meaning | B44: Corresponding name or meaning of the parameter in the real system (e.g., wet weight)
A45: Estimated value | B45: Parameter value used as baseline
A46: Uncertainty (min, max of 95% interval or range of reported values) | B46: Biologically relevant range of parameter values
A47: References (including page #, table #, etc.) | B47: References used for parameter estimation including details such as page, table and/or figure number, version number or access date for online data bases; if other relevant references reporting data for the estimation of the parameter are avaialbe, but were not used, note "see unused references" and list those on sheet "Unused references" along with a justification why the references were not used
A48: Species used in measurement | B48: Species for which the data used for parameter estimation was reported in the references
A49: Experimental setting of measurement | B49: Summary of experimental setting and design reported in the references, including laboratory conditions or location and time of field setting, sample sizes etc. Detailed description of the studies or data sets used for parameterization, including an assessment of data quality, to be included in the TRACE documentation (provide corresponding section and page number).
A50: Justification of relevance | B50: Justification for the use of the data source if species or experimental setting differ from mesocosm study: why is the data source relevant for model parameterization nevertheless? In addition to a brief summary here, you can provide a reference to the TRACE documentation (including section and page number).
A51: Estimation method (direct use of data, derived from literature source, calibration) | B51: General approach used for parameter estimation
A52: Description of methods used for parameter estimation (or reference to separate document) | B52: Description of methods used to derive or estimate the parameter value and uncertainty from empirical data, intermediary parameters (see separate sheet) applied; provide detailed method description as applicable in the TRACE documentation, and include reference to section and page number
A53: External files used for parameter estimation (e.g., scripts, tables, etc.) or description of methodology | B53: External files used for the parameter estimation and short description of files or description of methodology; include reference to TRACE documentation (including section and page number) if applicable
A55: Columns in 'Unused references'
A56: Name of input or intermediary parameter or input data | B56: Please use the name stated in the corresponding column in 'Input parameters: Parameter name', 'Input files: Type of data in input file' or Intermediary parameters: Name of intermediary parameter'
A57: Reference to source presenting relevant measurements | B57: Reference to publication including page number, table or figure number
A58: Data presented in the source: species, experimental setting and design | B58: Summary of conditions under which data were collected in the study (study species, experimental design, etc.)
A59: Reason the source was not used for parameter or input estimation | B59: Justification why the source was not used for the parameter (or input) estimation, e.g., lack of data quality, too small sample size, study conditions too different from mesocosm studies, etc.

Sheet Input parameters
A1: Parameter name | B1: Name in code | C1: Input method | D1: Unit | E1: Biological name/meaning | F1: Distribution | G1: Prior mean | H1: Prior SD | I1: Prior minimum value | J1: Prior maximum value | K1: Calibrated mean | L1: Calibrated sd | M1: References (including page #, table #, etc.) | N1: Species used in measurement | O1: Experimental setting of measurement | P1: Justification of relevance | Q1: Estimation method (direct use of data, derived from literature source, calibration) | R1: Calibrated? | S1: Description of methods and intermediary parameters used for parameter estimation (or reference to separate document) | T1: External files used for parameter estimation (e.g., scripts, tables, etc.) or description of methodology | U1: Source type
A2: Global parameters
A3: kBoltzmann | B3: n.a. | C3: implemented (no input required) | D3: eV/K | E3: Boltzman constant | F3: n.a. | G3: 8.61734e-05 | I3: - | J3: - | K3: - | L3: - | M3: - | N3: - | O3: - | P3: - | Q3: derived from literature | R3: no | U3: L
A4: Universal parameters for phytoplankton and periphyton
A5: αC,Algae | B5: Algae_aC | C5: parameter_input.dat | D5: gC/gAlgae | E5: Carbon content of Algae | F5: none | G5: 0.36 | I5: - | J5: - | K5: - | L5: - | M5: Redfield, CA 1958: The biological control of chemical factors in the environment. American scientist. September 1958. | P5: overarching principles | Q5: derived from literature | R5: no | U5: L
A6: αO,Algae | B6: Algae_aO | C6: parameter_input.dat | D6: gO/gAlgae | E6: Oxygen content of Algae | F6: none | G6: 0.5 | I6: - | J6: - | K6: - | L6: - | M6: Redfield, CA 1958: The biological control of chemical factors in the environment. American scientist. September 1958. | P6: overarching principles | Q6: derived from literature | R6: no | U6: L
A7: αH,Algae | B7: Algae_aH | C7: parameter_input.dat | D7: gH/gAlgae | E7: Hydrogen content of Algae | F7: none | G7: 0.07 | I7: - | J7: - | K7: - | L7: - | M7: Redfield, CA 1958: The biological control of chemical factors in the environment. American scientist. September 1958. | P7: overarching principles | Q7: derived from literature | R7: no | U7: L
A8: αN,Algae | B8: Algae_aN | C8: parameter_input.dat | D8: gN/gAlgae | E8: Nitrogen content of Algae | F8: none | G8: 0.06 | I8: - | J8: - | K8: - | L8: - | M8: Redfield, CA 1958: The biological control of chemical factors in the environment. American scientist. September 1958. | P8: overarching principles | Q8: derived from literature | R8: no | U8: L
A9: αP,Algae | B9: Algae_aP | C9: parameter_input.dat | D9: gP/gAlgae | E9: Phosphorous content of Algae | F9: none | G9: 0.01 | I9: - | J9: - | K9: - | L9: - | M9: Redfield, CA 1958: The biological control of chemical factors in the environment. American scientist. September 1958. | P9: overarching principles | Q9: derived from literature | R9: no | U9: L
A10: EC | B10: Algae_EC | C10: parameter_input.dat | D10: J/gAFDM | E10: Energy content | F10: lognormal | G10: 20000 | H10: 2000 | I10: - | J10: - | K10: =VLOOKUP(B10,Tabelle1!$A$1:$C$351,2,FALSE) -> 20146.32 | L10: =VLOOKUP(B10,Tabelle1!$A$1:$C$351,3,FALSE) -> 1997.2269 | M10: Cummins KW (1971). Calorific equivalents for studies in ecological energetics. Internationale Vereinigung für theoretische und angewandte Limnologie. Mitteilung No. 18. Table. on p.10 "Algae". // Jørgensen, S.E., Nielsen, S.N., Jørgensen, L.A., 1991. Handbook of Ecological Parameters and Ecotoxicology. Elsevier, Amsterdam. // Runck C (2007). Macroinvertebrate production and food web energetics in an industrially contaminated stream. Ecological Applications, 17, 740-753. Fig 4 | N10: Cummins: various algae. // Runck: Periphyton | O10: Runck: in contaminated, nutrient-enriched stream stream | P10: overarching principles | Q10: value derived from literature source as prior and then calibrated | R10: yes | S10: Cummins: Suggested value for algea based on literature review (mean of 396 samples). // Runck: Periphyton in contaminated, nutrient-enriched stream stream | T10: - | U10: L
A11: i0 | B11: Algae_i0 | C11: parameter_input.dat | D11: J/yr | E11: Normalization constant for metabolic rates | F11: lognormal | G11: =60*60*24*365.25*131.52 -> 4.1504556e+09 | H11: 1530000000 | I11: - | J11: - | K11: =VLOOKUP(B11,Tabelle1!$A$1:$C$351,2,FALSE) -> 3.7549316e+09 | L11: =VLOOKUP(B11,Tabelle1!$A$1:$C$351,3,FALSE) -> 1.41494e+09 | M11: Tang E.P.Y. & Peters R.H. (1995). The allometry of algal respiration. Journal of Plankton Research, 17, 303-315. | N11: study collected data from literature and built the regression model. Collected data: 178 data entries representing 37 different species and six divisions and then | O11: study standardized all data to 20°C | P11: same value for prior as has been used for periphyton. | Q11: value derived from literature source as prior and then calibrated | R11: yes | U11: L
A12: b | B12: Algae_b | C12: parameter_input.dat | D12: - | E12: Allometric scaling exponent | F12: lognormal | G12: 0.93 | H12: 0.033 | I12: - | J12: - | K12: =VLOOKUP(B12,Tabelle1!$A$1:$C$351,2,FALSE) -> 0.93918975 | L12: =VLOOKUP(B12,Tabelle1!$A$1:$C$351,3,FALSE) -> 0.03407624 | M12: Tang E.P.Y. & Peters R.H. (1995). The allometry of algal respiration. Journal of Plankton Research, 17, 303-315. p.307 | N12: study collected data from literature and built the regression model. Collected data: 178 data entries representing 37 different species and six divisions and then | O12: study standardized all data to 20°C | P12: same value for prior as has been used for periphyton. | Q12: direct use of data as prior and then calibrated | R12: yes | U12: L
A13: M0 | B13: n.a. | C13: implemented (no input required) | D13: gAFDM | E13: normalization constant | F13: none | G13: 1 | I13: - | J13: - | K13: - | L13: - | M13: n.a. | N13: - | O13: - | P13: - | Q13: - | R13: no | U13: M
A14: Taxon-specific parameters for phytoplankton
A15: Dini | B15: PhBlueGreens_Co14a_hab1_Dini | C15: parameter_input.dat | D15: gDM/m2 | E15: Initial algae density | F15: lognormal | G15: 0.0058 | H15: =G15*0.1 -> 0.00058 | I15: - | J15: - | K15: =VLOOKUP(B15,Tabelle1!$A$1:$C$351,2,FALSE) -> 0.0057926256 | L15: =VLOOKUP(B15,Tabelle1!$A$1:$C$351,3,FALSE) -> 0.00058310779 | M15: Mesocosm GmbH | N15: Blue Greens | O15: Measurements as described by Mesocosm GmbH | P15: This was the experimental data to be modelled | Q15: derived from experimental data and then calibrated | R15: yes | S15: Calculated from first measurment and converted to gDM/m2 using the conversion factors listed in "intermediary parameters" and the individual biomass M | T15: Chunk 1.4, function convert.exp.to.biomass, | U15: S
A16: Dini | B16: PhBlueGreens_Co16a_hab1_Dini | C16: parameter_input.dat | D16: gDM/m2 | E16: Initial algae density | F16: lognormal | G16: 0.0925 | H16: =G16*0.1 -> 0.00925 | I16: - | J16: - | K16: =VLOOKUP(B16,Tabelle1!$A$1:$C$351,2,FALSE) -> 0.091953575 | L16: =VLOOKUP(B16,Tabelle1!$A$1:$C$351,3,FALSE) -> 0.0087426929 | M16: Mesocosm GmbH | N16: Blue Greens | O16: Measurements as described by Mesocosm GmbH | P16: This was the experimental data to be modelled | Q16: derived from experimental data and then calibrated | R16: yes | S16: Calculated from first measurment and converted to gDM/m2 using the conversion factors listed in "intermediary parameters" and the individual biomass M | T16: Chunk 1.4, function convert.exp.to.biomass, | U16: S
A17: Dini | B17: PhBlueGreens_Co18c_hab1_Dini | C17: parameter_input.dat | D17: gDM/m2 | E17: Initial algae density | F17: lognormal | G17: 0.0626 | H17: =G17*0.1 -> 0.00626 | I17: - | J17: - | K17: =VLOOKUP(B17,Tabelle1!$A$1:$C$351,2,FALSE) -> 0.062485875 | L17: =VLOOKUP(B17,Tabelle1!$A$1:$C$351,3,FALSE) -> 0.0063566266 | M17: Mesocosm GmbH | N17: Blue Greens | O17: Measurements as described by Mesocosm GmbH | P17: This was the experimental data to be modelled | Q17: derived from experimental data and then calibrated | R17: yes | S17: Calculated from first measurment and converted to gDM/m2 using the conversion factors listed in "intermediary parameters" and the individual biomass M | T17: Chunk 1.4, function convert.exp.to.biomass, | U17: S
A18: Dini | B18: PhBlueGreens_Co19b_hab1_Dini | C18: parameter_input.dat | D18: gDM/m2 | E18: Initial algae density | F18: lognormal | G18: 0.0209 | H18: =G18*0.1 -> 0.00209 | I18: - | J18: - | K18: =VLOOKUP(B18,Tabelle1!$A$1:$C$351,2,FALSE) -> 0.020980194 | L18: =VLOOKUP(B18,Tabelle1!$A$1:$C$351,3,FALSE) -> 0.0020834483 | M18: Mesocosm GmbH | N18: Blue Greens | O18: Measurements as described by Mesocosm GmbH | P18: This was the experimental data to be modelled | Q18: derived from experimental data and then calibrated | R18: yes | S18: Calculated from first measurment and converted to gDM/m2 using the conversion factors listed in "intermediary parameters" and the individual biomass M | T18: Chunk 1.4, function convert.exp.to.biomass, | U18: S
A19: Dini | B19: PhCryptophytes_Co14a_hab1_Dini | C19: parameter_input.dat | D19: gDM/m2 | E19: Initial algae density | F19: lognormal | G19: 0.0713 | H19: =G19*0.1 -> 0.00713 | I19: - | J19: - | K19: =VLOOKUP(B19,Tabelle1!$A$1:$C$351,2,FALSE) -> 0.071066919 | L19: =VLOOKUP(B19,Tabelle1!$A$1:$C$351,3,FALSE) -> 0.0068777105 | M19: Mesocosm GmbH | N19: Cryptophytes | O19: Measurements as described by Mesocosm GmbH | P19: This was the experimental data to be modelled | Q19: derived from experimental data and then calibrated | R19: yes | S19: Calculated from first measurment and converted to gDM/m2 using the conversion factors listed in "intermediary parameters" and the individual biomass M | T19: Chunk 1.4, function convert.exp.to.biomass, | U19: S
A20: Dini | B20: PhCryptophytes_Co16a_hab1_Dini | C20: parameter_input.dat | D20: gDM/m2 | E20: Initial algae density | F20: lognormal | G20: 0.239734 | H20: =G20*0.1 -> 0.0239734 | I20: - | J20: - | K20: =VLOOKUP(B20,Tabelle1!$A$1:$C$351,2,FALSE) -> 0.24078281 | L20: =VLOOKUP(B20,Tabelle1!$A$1:$C$351,3,FALSE) -> 0.023960561 | M20: Mesocosm GmbH | N20: Cryptophytes | O20: Measurements as described by Mesocosm GmbH | P20: This was the experimental data to be modelled | Q20: derived from experimental data and then calibrated | R20: yes | S20: Calculated from first measurment and converted to gDM/m2 using the conversion factors listed in "intermediary parameters" and the individual biomass M | T20: Chunk 1.4, function convert.exp.to.biomass, | U20: S
A21: Dini | B21: PhCryptophytes_Co18c_hab1_Dini | C21: parameter_input.dat | D21: gDM/m2 | E21: Initial algae density | F21: lognormal | G21: 0.14 | H21: =G21*0.1 -> 0.014 | I21: - | J21: - | K21: =VLOOKUP(B21,Tabelle1!$A$1:$C$351,2,FALSE) -> 0.14027162 | L21: =VLOOKUP(B21,Tabelle1!$A$1:$C$351,3,FALSE) -> 0.014351562 | M21: Mesocosm GmbH | N21: Cryptophytes | O21: Measurements as described by Mesocosm GmbH | P21: This was the experimental data to be modelled | Q21: derived from experimental data and then calibrated | R21: yes | S21: Calculated from first measurment and converted to gDM/m2 using the conversion factors listed in "intermediary parameters" and the individual biomass M | T21: Chunk 1.4, function convert.exp.to.biomass, | U21: S
A22: Dini | B22: PhCryptophytes_Co19b_hab1_Dini | C22: parameter_input.dat | D22: gDM/m2 | E22: Initial algae density | F22: lognormal | G22: 0.0581 | H22: =G22*0.1 -> 0.00581 | I22: - | J22: - | K22: =VLOOKUP(B22,Tabelle1!$A$1:$C$351,2,FALSE) -> 0.058895688 | L22: =VLOOKUP(B22,Tabelle1!$A$1:$C$351,3,FALSE) -> 0.0056638771 | M22: Mesocosm GmbH | N22: Cryptophytes | O22: Measurements as described by Mesocosm GmbH | P22: This was the experimental data to be modelled | Q22: derived from experimental data and then calibrated | R22: yes | S22: Calculated from first measurment and converted to gDM/m2 using the conversion factors listed in "intermediary parameters" and the individual biomass M | T22: Chunk 1.4, function convert.exp.to.biomass, | U22: S
A23: Dini | B23: PhDiatoms_Co14a_hab1_Dini | C23: parameter_input.dat | D23: gDM/m2 | E23: Initial algae density | F23: lognormal | G23: 0.106 | H23: =G23*0.1 -> 0.0106 | I23: - | J23: - | K23: =VLOOKUP(B23,Tabelle1!$A$1:$C$351,2,FALSE) -> 0.1073024 | L23: =VLOOKUP(B23,Tabelle1!$A$1:$C$351,3,FALSE) -> 0.0099758311 | M23: Mesocosm GmbH | N23: Diatoms | O23: Measurements as described by Mesocosm GmbH | P23: This was the experimental data to be modelled | Q23: derived from experimental data and then calibrated | R23: yes | S23: Calculated from first measurment and converted to gDM/m2 using the conversion factors listed in "intermediary parameters" and the individual biomass M | T23: Chunk 1.4, function convert.exp.to.biomass, | U23: S
A24: Dini | B24: PhDiatoms_Co16a_hab1_Dini | C24: parameter_input.dat | D24: gDM/m2 | E24: Initial algae density | F24: lognormal | G24: 0.202053 | H24: =G24*0.1 -> 0.0202053 | I24: - | J24: - | K24: =VLOOKUP(B24,Tabelle1!$A$1:$C$351,2,FALSE) -> 0.20127283 | L24: =VLOOKUP(B24,Tabelle1!$A$1:$C$351,3,FALSE) -> 0.019504215 | M24: Mesocosm GmbH | N24: Diatoms | O24: Measurements as described by Mesocosm GmbH | P24: This was the experimental data to be modelled | Q24: derived from experimental data and then calibrated | R24: yes | S24: Calculated from first measurment and converted to gDM/m2 using the conversion factors listed in "intermediary parameters" and the individual biomass M | T24: Chunk 1.4, function convert.exp.to.biomass, | U24: S
A25: Dini | B25: PhDiatoms_Co18c_hab1_Dini | C25: parameter_input.dat | D25: gDM/m2 | E25: Initial algae density | F25: lognormal | G25: 0.0846 | H25: =G25*0.1 -> 0.00846 | I25: - | J25: - | K25: =VLOOKUP(B25,Tabelle1!$A$1:$C$351,2,FALSE) -> 0.085282648 | L25: =VLOOKUP(B25,Tabelle1!$A$1:$C$351,3,FALSE) -> 0.0087548232 | M25: Mesocosm GmbH | N25: Diatoms | O25: Measurements as described by Mesocosm GmbH | P25: This was the experimental data to be modelled | Q25: derived from experimental data and then calibrated | R25: yes | S25: Calculated from first measurment and converted to gDM/m2 using the conversion factors listed in "intermediary parameters" and the individual biomass M | T25: Chunk 1.4, function convert.exp.to.biomass, | U25: S
A26: Dini | B26: PhDiatoms_Co19b_hab1_Dini | C26: parameter_input.dat | D26: gDM/m2 | E26: Initial algae density | F26: lognormal | G26: 0.0514 | H26: =G26*0.1 -> 0.00514 | I26: - | J26: - | K26: =VLOOKUP(B26,Tabelle1!$A$1:$C$351,2,FALSE) -> 0.051420652 | L26: =VLOOKUP(B26,Tabelle1!$A$1:$C$351,3,FALSE) -> 0.0051992569 | M26: Mesocosm GmbH | N26: Diatoms | O26: Measurements as described by Mesocosm GmbH | P26: This was the experimental data to be modelled | Q26: derived from experimental data and then calibrated | R26: yes | S26: Calculated from first measurment and converted to gDM/m2 using the conversion factors listed in "intermediary parameters" and the individual biomass M | T26: Chunk 1.4, function convert.exp.to.biomass, | U26: S
... A30: Dini | B30: PhGreens_Co19b_hab1_Dini | C30: parameter_input.dat | D30: gDM/m2 | E30: Initial algae density | F30: lognormal | G30: 0.0274 | H30: =G30*0.1 -> 0.00274 | I30: - | J30: - | K30: =VLOOKUP(B30,Tabelle1!$A$1:$C$351,2,FALSE) -> 0.027614678 | L30: =VLOOKUP(B30,Tabelle1!$A$1:$C$351,3,FALSE) -> 0.002805429 | M30: Mesocosm GmbH | N30: Greens | O30: Measurements as described by Mesocosm GmbH | P30: This was the experimental data to be modelled | Q30: derived from experimental data and then calibrated | R30: yes | S30: Calculated from first measurment and converted to gDM/m2 using the conversion factors listed in "intermediary parameters" and the individual biomass M | T30: Chunk 1.4, function convert.exp.to.biomass, | U30: S
A31: Ea | B31: PhBlueGreens_Ea | C31: parameter_input.dat | D31: eV | E31: Activation energy | F31: lognormal | G31: 0.231 | H31: 0.1155 | I31: - | J31: - | K31: =VLOOKUP(B31,Tabelle1!$A$1:$C$351,2,FALSE) -> 0.24440163 | L31: =VLOOKUP(B31,Tabelle1!$A$1:$C$351,3,FALSE) -> 0.11230904 | M31: Tang E.P.Y. & Peters R.H. (1995). The allometry of algal respiration. Journal of Plankton Research, 17, 303-315. | N31: study collected data from literature and built the regression model. Collected data: 178 data entries representing 37 different species and six divisions and then | O31: study standardized all data to 20°C | P31: same value for prior as has been used for periphyton. | Q31: value derived from literature source as prior and then calibrated | R31: yes | U31: L
A32: Ea | B32: PhCryptophytes_Ea | C32: parameter_input.dat | D32: eV | E32: Activation energy | F32: lognormal | G32: 0.231 | H32: 0.1155 | I32: - | J32: - | K32: =VLOOKUP(B32,Tabelle1!$A$1:$C$351,2,FALSE) -> 0.23419695 | L32: =VLOOKUP(B32,Tabelle1!$A$1:$C$351,3,FALSE) -> 0.11438043 | M32: Tang E.P.Y. & Peters R.H. (1995). The allometry of algal respiration. Journal of Plankton Research, 17, 303-315. | N32: study collected data from literature and built the regression model. Collected data: 178 data entries representing 37 different species and six divisions and then | O32: study standardized all data to 20°C | P32: same value for prior as has been used for periphyton. | Q32: value derived from literature source as prior and then calibrated | R32: yes | U32: L
A33: Ea | B33: PhDiatoms_Ea | C33: parameter_input.dat | D33: eV | E33: Activation energy | F33: lognormal | G33: 0.231 | H33: 0.1155 | I33: - | J33: - | K33: =VLOOKUP(B33,Tabelle1!$A$1:$C$351,2,FALSE) -> 0.2377573 | L33: =VLOOKUP(B33,Tabelle1!$A$1:$C$351,3,FALSE) -> 0.10591389 | M33: Tang E.P.Y. & Peters R.H. (1995). The allometry of algal respiration. Journal of Plankton Research, 17, 303-315. | N33: study collected data from literature and built the regression model. Collected data: 178 data entries representing 37 different species and six divisions and then | O33: study standardized all data to 20°C | P33: same value for prior as has been used for periphyton. | Q33: value derived from literature source as prior and then calibrated | R33: yes | U33: L
A34: Ea | B34: PhGreens_Ea | C34: parameter_input.dat | D34: eV | E34: Activation energy | F34: lognormal | G34: 0.231 | H34: 0.1155 | I34: - | J34: - | K34: =VLOOKUP(B34,Tabelle1!$A$1:$C$351,2,FALSE) -> 0.23875579 | L34: =VLOOKUP(B34,Tabelle1!$A$1:$C$351,3,FALSE) -> 0.10831492 | M34: Tang E.P.Y. & Peters R.H. (1995). The allometry of algal respiration. Journal of Plankton Research, 17, 303-315. | N34: study collected data from literature and built the regression model. Collected data: 178 data entries representing 37 different species and six divisions and then | O34: study standardized all data to 20°C | P34: same value for prior as has been used for periphyton. | Q34: value derived from literature source as prior and then calibrated | R34: yes | U34: L
A35: fbasaltax | B35: PhBlueGreens_fbasaltax | C35: parameter_input.dat | D35: - | E35: Taxon-specific modification factor regarding basal metabolism | F35: Normal truncated | G35: 1 | H35: 0.25 | I35: 0.01 | J35: 1.99 | K35: =VLOOKUP(B35,Tabelle1!$A$1:$C$351,2,FALSE) -> 1.0063585 | L35: =VLOOKUP(B35,Tabelle1!$A$1:$C$351,3,FALSE) -> 0.24451549 | M35: starting value for prior based on mechanistic considerations | N35: - | O35: - | P35: - | Q35: - | R35: yes | S35: - | T35: - | U35: M
A36: fbasaltax | B36: PhCryptophytes_fbasaltax | C36: parameter_input.dat | D36: - | E36: Taxon-specific modification factor regarding basal metabolism | F36: Normal truncated | G36: 1 | H36: 0.25 | I36: 0.01 | J36: 1.99 | K36: =VLOOKUP(B36,Tabelle1!$A$1:$C$351,2,FALSE) -> 0.99797663 | L36: =VLOOKUP(B36,Tabelle1!$A$1:$C$351,3,FALSE) -> 0.24955705 | M36: starting value for prior based on mechanistic considerations | N36: - | O36: - | P36: - | Q36: - | R36: yes | S36: - | T36: - | U36: M
A37: fbasaltax | B37: PhDiatoms_fbasaltax | C37: parameter_input.dat | D37: - | E37: Taxon-specific modification factor regarding basal metabolism | F37: Normal truncated | G37: 1 | H37: 0.25 | I37: 0.01 | J37: 1.99 | K37: =VLOOKUP(B37,Tabelle1!$A$1:$C$351,2,FALSE) -> 0.9953185 | L37: =VLOOKUP(B37,Tabelle1!$A$1:$C$351,3,FALSE) -> 0.24860952 | M37: starting value for prior based on mechanistic considerations | N37: - | O37: - | P37: - | Q37: - | R37: yes | S37: - | T37: - | U37: M
A38: fbasaltax | B38: PhGreens_fbasaltax | C38: parameter_input.dat | D38: - | E38: Taxon-specific modification factor regarding basal metabolism | F38: Normal truncated | G38: 1 | H38: 0.25 | I38: 0.01 | J38: 1.99 | K38: =VLOOKUP(B38,Tabelle1!$A$1:$C$351,2,FALSE) -> 1.012954 | L38: =VLOOKUP(B38,Tabelle1!$A$1:$C$351,3,FALSE) -> 0.25106264 | M38: starting value for prior based on mechanistic considerations | N38: - | O38: - | P38: - | Q38: - | R38: yes | S38: - | T38: - | U38: M
A39: fdeath | B39: PhBlueGreens_fdeath | C39: parameter_input.dat | D39: - | E39: Multiplicative factor regarding mortality | F39: lognormal | G39: 0.5 | H39: 0.25 | I39: - | J39: - | K39: =VLOOKUP(B39,Tabelle1!$A$1:$C$351,2,FALSE) -> 0.52270802 | L39: =VLOOKUP(B39,Tabelle1!$A$1:$C$351,3,FALSE) -> 0.28827505 | M39: starting value for prior based on mechanistic considerations | N39: - | O39: - | P39: - | Q39: - | R39: yes | S39: - | T39: - | U39: M
A40: fdeath | B40: PhCryptophytes_fdeath | C40: parameter_input.dat | D40: - | E40: Multiplicative factor regarding mortality | F40: lognormal | G40: 0.5 | H40: 0.25 | I40: - | J40: - | K40: =VLOOKUP(B40,Tabelle1!$A$1:$C$351,2,FALSE) -> 0.4762042 | L40: =VLOOKUP(B40,Tabelle1!$A$1:$C$351,3,FALSE) -> 0.21355864 | M40: starting value for prior based on mechanistic considerations | N40: - | O40: - | P40: - | Q40: - | R40: yes | S40: - | T40: - | U40: M
A41: fdeath | B41: PhDiatoms_fdeath | C41: parameter_input.dat | D41: - | E41: Multiplicative factor regarding mortality | F41: lognormal | G41: 0.5 | H41: 0.25 | I41: - | J41: - | K41: =VLOOKUP(B41,Tabelle1!$A$1:$C$351,2,FALSE) -> 0.49529669 | L41: =VLOOKUP(B41,Tabelle1!$A$1:$C$351,3,FALSE) -> 0.24323244 | M41: starting value for prior based on mechanistic considerations | N41: - | O41: - | P41: - | Q41: - | R41: yes | S41: - | T41: - | U41: M
A42: fdeath | B42: PhGreens_fdeath | C42: parameter_input.dat | D42: - | E42: Multiplicative factor regarding mortality | F42: lognormal | G42: 0.5 | H42: 0.25 | I42: - | J42: - | K42: =VLOOKUP(B42,Tabelle1!$A$1:$C$351,2,FALSE) -> 0.50090409 | L42: =VLOOKUP(B42,Tabelle1!$A$1:$C$351,3,FALSE) -> 0.2524499 | M42: starting value for prior based on mechanistic considerations | N42: - | O42: - | P42: - | Q42: - | R42: yes | S42: - | T42: - | U42: M
A43: fgrotax | B43: PhBlueGreens_fgrotax | C43: parameter_input.dat | D43: - | E43: Taxon-specific modification factor of the growth rate | F43: Normal truncated | G43: 1 | H43: 0.25 | I43: 0.01 | J43: 1.99 | K43: =VLOOKUP(B43,Tabelle1!$A$1:$C$351,2,FALSE) -> 0.96888497 | L43: =VLOOKUP(B43,Tabelle1!$A$1:$C$351,3,FALSE) -> 0.25057761 | M43: starting value for prior based on mechanistic considerations | N43: - | O43: - | P43: - | Q43: - | R43: yes | S43: - | T43: - | U43: M
A44: fgrotax | B44: PhCryptophytes_fgrotax | C44: parameter_input.dat | D44: - | E44: Taxon-specific modification factor of the growth rate | F44: Normal truncated | G44: 1 | H44: 0.25 | I44: 0.01 | J44: 1.99 | K44: =VLOOKUP(B44,Tabelle1!$A$1:$C$351,2,FALSE) -> 0.98866153 | L44: =VLOOKUP(B44,Tabelle1!$A$1:$C$351,3,FALSE) -> 0.26490692 | M44: starting value for prior based on mechanistic considerations | N44: - | O44: - | P44: - | Q44: - | R44: yes | S44: - | T44: - | U44: M
A45: fgrotax | B45: PhDiatoms_fgrotax | C45: parameter_input.dat | D45: - | E45: Taxon-specific modification factor of the growth rate | F45: Normal truncated | G45: 1 | H45: 0.25 | I45: 0.01 | J45: 1.99 | K45: =VLOOKUP(B45,Tabelle1!$A$1:$C$351,2,FALSE) -> 1.0067946 | L45: =VLOOKUP(B45,Tabelle1!$A$1:$C$351,3,FALSE) -> 0.26788456 | M45: starting value for prior based on mechanistic considerations | N45: - | O45: - | P45: - | Q45: - | R45: yes | S45: - | T45: - | U45: M
A46: fgrotax | B46: PhGreens_fgrotax | C46: parameter_input.dat | D46: - | E46: Taxon-specific modification factor of the growth rate | F46: Normal truncated | G46: 1 | H46: 0.25 | I46: 0.01 | J46: 1.99 | K46: =VLOOKUP(B46,Tabelle1!$A$1:$C$351,2,FALSE) -> 1.0132831 | L46: =VLOOKUP(B46,Tabelle1!$A$1:$C$351,3,FALSE) -> 0.23672425 | M46: starting value for prior based on mechanistic considerations | N46: - | O46: - | P46: - | Q46: - | R46: yes | S46: - | T46: - | U46: M
A47: hdens | B47: PhBlueGreens_hdens | C47: parameter_input.dat | D47: gDM/m2 | E47: Half-saturation density of biomass regarding self-inhibition | F47: lognormal | G47: 40 | H47: 40 | I47: - | J47: - | K47: =VLOOKUP(B47,Tabelle1!$A$1:$C$351,2,FALSE) -> 44.128231 | L47: =VLOOKUP(B47,Tabelle1!$A$1:$C$351,3,FALSE) -> 38.528132 | M47: expert judgement | N47: - | O47: - | P47: - | Q47: - | R47: yes | S47: - | T47: - | U47: M
A48: hdens | B48: PhCryptophytes_hdens | C48: parameter_input.dat | D48: gDM/m2 | E48: Half-saturation density of biomass regarding self-inhibition | F48: lognormal | G48: 40 | H48: 40 | I48: - | J48: - | K48: =VLOOKUP(B48,Tabelle1!$A$1:$C$351,2,FALSE) -> 43.188353 | L48: =VLOOKUP(B48,Tabelle1!$A$1:$C$351,3,FALSE) -> 46.683792 | M48: expert judgement | N48: - | O48: - | P48: - | Q48: - | R48: yes | S48: - | T48: - | U48: M
A49: hdens | B49: PhDiatoms_hdens | C49: parameter_input.dat | D49: gDM/m2 | E49: Half-saturation density of biomass regarding self-inhibition | F49: lognormal | G49: 40 | H49: 40 | I49: - | J49: - | K49: =VLOOKUP(B49,Tabelle1!$A$1:$C$351,2,FALSE) -> 40.990895 | L49: =VLOOKUP(B49,Tabelle1!$A$1:$C$351,3,FALSE) -> 43.145475 | M49: expert judgement | N49: - | O49: - | P49: - | Q49: - | R49: yes | S49: - | T49: - | U49: M
A50: hdens | B50: PhGreens_hdens | C50: parameter_input.dat | D50: gDM/m2 | E50: Half-saturation density of biomass regarding self-inhibition | F50: lognormal | G50: 40 | H50: 4 | I50: - | J50: - | K50: =VLOOKUP(B50,Tabelle1!$A$1:$C$351,2,FALSE) -> 40.038782 | L50: =VLOOKUP(B50,Tabelle1!$A$1:$C$351,3,FALSE) -> 38.594508 | M50: expert judgement | N50: - | O50: - | P50: - | Q50: - | R50: yes | S50: - | T50: - | U50: M
A51: fprod | B51: PhBlueGreens_fprod | C51: parameter_input.dat | D51: - | E51: Multiplicative factor regarding growth of primary producers | F51: lognormal | G51: 5 | H51: 2.5 | I51: - | J51: - | K51: =VLOOKUP(B51,Tabelle1!$A$1:$C$351,2,FALSE) -> 4.8783306 | L51: =VLOOKUP(B51,Tabelle1!$A$1:$C$351,3,FALSE) -> 2.751819 | M51: Tang E.P.Y. (1995). The allometry of algal growth rates. Journal of Plankton Reserach, 17, 1325-1335. | P51: same value for prior as has been used for periphyton. | Q51: value derived from literature source as prior and then calibrated | R51: yes | U51: L
A52: fprod | B52: PhCryptophytes_fprod | C52: parameter_input.dat | D52: - | E52: Multiplicative factor regarding growth of primary producers | F52: lognormal | G52: 5 | H52: 2.5 | I52: - | J52: - | K52: =VLOOKUP(B52,Tabelle1!$A$1:$C$351,2,FALSE) -> 4.65638 | L52: =VLOOKUP(B52,Tabelle1!$A$1:$C$351,3,FALSE) -> 2.3306476 | M52: Tang E.P.Y. (1995). The allometry of algal growth rates. Journal of Plankton Reserach, 17, 1325-1335. | P52: same value for prior as has been used for periphyton. | Q52: value derived from literature source as prior and then calibrated | R52: yes | U52: L
A53: fprod | B53: PhDiatoms_fprod | C53: parameter_input.dat | D53: - | E53: Multiplicative factor regarding growth of primary producers | F53: lognormal | G53: 5 | H53: 2.5 | I53: - | J53: - | K53: =VLOOKUP(B53,Tabelle1!$A$1:$C$351,2,FALSE) -> 4.9823769 | L53: =VLOOKUP(B53,Tabelle1!$A$1:$C$351,3,FALSE) -> 2.6161106 | M53: Tang E.P.Y. (1995). The allometry of algal growth rates. Journal of Plankton Reserach, 17, 1325-1335. | P53: same value for prior as has been used for periphyton. | Q53: value derived from literature source as prior and then calibrated | R53: yes | U53: L
A54: fprod | B54: PhGreens_fprod | C54: parameter_input.dat | D54: - | E54: Multiplicative factor regarding growth of primary producers | F54: lognormal | G54: 5 | H54: 2.5 | I54: - | J54: - | K54: =VLOOKUP(B54,Tabelle1!$A$1:$C$351,2,FALSE) -> 4.9282321 | L54: =VLOOKUP(B54,Tabelle1!$A$1:$C$351,3,FALSE) -> 2.5620691 | M54: Tang E.P.Y. (1995). The allometry of algal growth rates. Journal of Plankton Reserach, 17, 1325-1335. | P54: same value for prior as has been used for periphyton. | Q54: value derived from literature source as prior and then calibrated | R54: yes | U54: L
A55: fresp | B55: PhBlueGreens_fresp | C55: parameter_input.dat | D55: - | E55: multiplicative factor regarding respiration | F55: lognormal | G55: 1 | H55: 0.25 | I55: - | J55: - | K55: =VLOOKUP(B55,Tabelle1!$A$1:$C$351,2,FALSE) -> 1.011986 | L55: =VLOOKUP(B55,Tabelle1!$A$1:$C$351,3,FALSE) -> 0.20705556 | M55: starting value for prior based on mechanistic considerations | N55: - | O55: - | P55: - | Q55: - | R55: yes | S55: - | T55: - | U55: M
A56: fresp | B56: PhCryptophytes_fresp | C56: parameter_input.dat | D56: - | E56: multiplicative factor regarding respiration | F56: lognormal | G56: 1 | H56: 0.25 | I56: - | J56: - | K56: =VLOOKUP(B56,Tabelle1!$A$1:$C$351,2,FALSE) -> 1.019993 | L56: =VLOOKUP(B56,Tabelle1!$A$1:$C$351,3,FALSE) -> 0.18856433 | M56: starting value for prior based on mechanistic considerations | N56: - | O56: - | P56: - | Q56: - | R56: yes | S56: - | T56: - | U56: M
A57: fresp | B57: PhDiatoms_fresp | C57: parameter_input.dat | D57: - | E57: multiplicative factor regarding respiration | F57: lognormal | G57: 1 | H57: 0.25 | I57: - | J57: - | K57: =VLOOKUP(B57,Tabelle1!$A$1:$C$351,2,FALSE) -> 1.002049 | L57: =VLOOKUP(B57,Tabelle1!$A$1:$C$351,3,FALSE) -> 0.21007968 | M57: starting value for prior based on mechanistic considerations | N57: - | O57: - | P57: - | Q57: - | R57: yes | S57: - | T57: - | U57: M
A58: fresp | B58: PhGreens_fresp | C58: parameter_input.dat | D58: - | E58: multiplicative factor regarding respiration | F58: lognormal | G58: 1 | H58: 0.25 | I58: - | J58: - | K58: =VLOOKUP(B58,Tabelle1!$A$1:$C$351,2,FALSE) -> 0.98656855 | L58: =VLOOKUP(B58,Tabelle1!$A$1:$C$351,3,FALSE) -> 0.18983724 | M58: starting value for prior based on mechanistic considerations | N58: - | O58: - | P58: - | Q58: - | R58: yes | S58: - | T58: - | U58: M
A59: KI | B59: PhBlueGreens_KI | C59: parameter_input.dat | D59: W/m2 | E59: Half saturation light intensity of algae growth | F59: lognormal | G59: 173 | H59: 173 | I59: - | J59: - | K59: =VLOOKUP(B59,Tabelle1!$A$1:$C$351,2,FALSE) -> 188.67426 | L59: =VLOOKUP(B59,Tabelle1!$A$1:$C$351,3,FALSE) -> 206.2315 | M59: expert judgement + correction for decreasing light availability with increasing depth. | N59: - | O59: - | P59: Rough cross-check with values and references listed by Aquatox support the chosen values. | Q59: - | R59: yes | S59: KI-Value taken from study. Since streambugs does not take into account decreaseing light availability with increasing water depth, the KI was corrected: According to Mesocosm GmbH, at average depth (-40cm), on average 13% of the light is still available. Therefore, the KI of 71 W/m2 was adjusted to 173 W/m2. Same prior value for all species, but during calibration species can obtain different values. | U59: M
A60: KI | B60: PhCryptophytes_KI | C60: parameter_input.dat | D60: W/m2 | E60: Half saturation light intensity of algae growth | F60: lognormal | G60: 173 | H60: 173 | I60: - | J60: - | K60: =VLOOKUP(B60,Tabelle1!$A$1:$C$351,2,FALSE) -> 177.59851 | L60: =VLOOKUP(B60,Tabelle1!$A$1:$C$351,3,FALSE) -> 217.74482 | M60: expert judgement + correction for decreasing light availability with increasing depth. | N60: - | O60: - | P60: Rough cross-check with values and references listed by Aquatox support the chosen values. | Q60: - | R60: yes | S60: KI-Value taken from study. Since streambugs does not take into account decreaseing light availability with increasing water depth, the KI was corrected: According to Mesocosm GmbH, at average depth (-40cm), on average 13% of the light is still available. Therefore, the KI of 71 W/m2 was adjusted to 173 W/m2. Same prior value for all species, but during calibration species can obtain different values. | U60: M
A61: KI | B61: PhDiatoms_KI | C61: parameter_input.dat | D61: W/m2 | E61: Half saturation light intensity of algae growth | F61: lognormal | G61: 173 | H61: 173 | I61: - | J61: - | K61: =VLOOKUP(B61,Tabelle1!$A$1:$C$351,2,FALSE) -> 170.20159 | L61: =VLOOKUP(B61,Tabelle1!$A$1:$C$351,3,FALSE) -> 170.64492 | M61: expert judgement + correction for decreasing light availability with increasing depth. | N61: - | O61: - | P61: Rough cross-check with values and references listed by Aquatox support the chosen values. | Q61: - | R61: yes | S61: KI-Value taken from study. Since streambugs does not take into account decreaseing light availability with increasing water depth, the KI was corrected: According to Mesocosm GmbH, at average depth (-40cm), on average 13% of the light is still available. Therefore, the KI of 71 W/m2 was adjusted to 173 W/m2. Same prior value for all species, but during calibration species can obtain different values. | U61: M
A62: KI | B62: PhGreens_KI | C62: parameter_input.dat | D62: W/m2 | E62: Half saturation light intensity of algae growth | F62: lognormal | G62: 173 | H62: 173 | I62: - | J62: - | K62: =VLOOKUP(B62,Tabelle1!$A$1:$C$351,2,FALSE) -> 165.1534 | L62: =VLOOKUP(B62,Tabelle1!$A$1:$C$351,3,FALSE) -> 160.98024 | M62: expert judgement + correction for decreasing light availability with increasing depth. | N62: - | O62: - | P62: Rough cross-check with values and references listed by Aquatox support the chosen values. | Q62: - | R62: yes | S62: KI-Value taken from study. Since streambugs does not take into account decreaseing light availability with increasing water depth, the KI was corrected: According to Mesocosm GmbH, at average depth (-40cm), on average 13% of the light is still available. Therefore, the KI of 71 W/m2 was adjusted to 173 W/m2. Same prior value for all species, but during calibration species can obtain different values. | U62: M
A63: KN | B63: PhBlueGreens_KN | C63: parameter_input.dat | D63: mgN/L | E63: Halfsaturation concentration of nitrate plus ammonia | F63: lognormal | G63: 0.075 | H63: 0.01875 | I63: - | J63: - | K63: =VLOOKUP(B63,Tabelle1!$A$1:$C$351,2,FALSE) -> 0.07429517 | L63: =VLOOKUP(B63,Tabelle1!$A$1:$C$351,3,FALSE) -> 0.018805609 | M63: Bowie G.L., Mills W.B., Porcella D.B., Campbell C.L., Pagenkopf J.R., Rupp G.L., Johnson K.M., Chan P.W.H., Gherini S.A. & Chamberlin C.E. (1985). Rates, Constants, and Kinetics Formulations in Surface Water Quality Modeling. U.S. EPA, Athens, GA, USA. // Jørgensen, S.E., Nielsen, S.N., Jørgensen, L.A., 1991. Handbook of Ecological Parameters and Ecotoxicology. Elsevier, Amsterdam. | P63: As the prior, we assume the same value that has been used before for periphyton. Values is adapted during calibration. | Q63: value derived from literature source as prior and then calibrated | R63: yes | U63: L
A64: KN | B64: PhCryptophytes_KN | C64: parameter_input.dat | D64: mgN/L | E64: Halfsaturation concentration of nitrate plus ammonia | F64: lognormal | G64: 0.075 | H64: 0.01875 | I64: - | J64: - | K64: =VLOOKUP(B64,Tabelle1!$A$1:$C$351,2,FALSE) -> 0.074626581 | L64: =VLOOKUP(B64,Tabelle1!$A$1:$C$351,3,FALSE) -> 0.017769686 | M64: Bowie G.L., Mills W.B., Porcella D.B., Campbell C.L., Pagenkopf J.R., Rupp G.L., Johnson K.M., Chan P.W.H., Gherini S.A. & Chamberlin C.E. (1985). Rates, Constants, and Kinetics Formulations in Surface Water Quality Modeling. U.S. EPA, Athens, GA, USA. // Jørgensen, S.E., Nielsen, S.N., Jørgensen, L.A., 1991. Handbook of Ecological Parameters and Ecotoxicology. Elsevier, Amsterdam. | P64: As the prior, we assume the same value that has been used before for periphyton. Values is adapted during calibration. | Q64: value derived from literature source as prior and then calibrated | R64: yes | U64: L
A65: KN | B65: PhDiatoms_KN | C65: parameter_input.dat | D65: mgN/L | E65: Halfsaturation concentration of nitrate plus ammonia | F65: lognormal | G65: 0.075 | H65: 0.01875 | I65: - | J65: - | K65: =VLOOKUP(B65,Tabelle1!$A$1:$C$351,2,FALSE) -> 0.072931627 | L65: =VLOOKUP(B65,Tabelle1!$A$1:$C$351,3,FALSE) -> 0.019384013 | M65: Bowie G.L., Mills W.B., Porcella D.B., Campbell C.L., Pagenkopf J.R., Rupp G.L., Johnson K.M., Chan P.W.H., Gherini S.A. & Chamberlin C.E. (1985). Rates, Constants, and Kinetics Formulations in Surface Water Quality Modeling. U.S. EPA, Athens, GA, USA. // Jørgensen, S.E., Nielsen, S.N., Jørgensen, L.A., 1991. Handbook of Ecological Parameters and Ecotoxicology. Elsevier, Amsterdam. | P65: As the prior, we assume the same value that has been used before for periphyton. Values is adapted during calibration. | Q65: value derived from literature source as prior and then calibrated | R65: yes | U65: L
A66: KN | B66: PhGreens_KN | C66: parameter_input.dat | D66: mgN/L | E66: Halfsaturation concentration of nitrate plus ammonia | F66: lognormal | G66: 0.075 | H66: 0.01875 | I66: - | J66: - | K66: =VLOOKUP(B66,Tabelle1!$A$1:$C$351,2,FALSE) -> 0.077142819 | L66: =VLOOKUP(B66,Tabelle1!$A$1:$C$351,3,FALSE) -> 0.019745492 | M66: Bowie G.L., Mills W.B., Porcella D.B., Campbell C.L., Pagenkopf J.R., Rupp G.L., Johnson K.M., Chan P.W.H., Gherini S.A. & Chamberlin C.E. (1985). Rates, Constants, and Kinetics Formulations in Surface Water Quality Modeling. U.S. EPA, Athens, GA, USA. // Jørgensen, S.E., Nielsen, S.N., Jørgensen, L.A., 1991. Handbook of Ecological Parameters and Ecotoxicology. Elsevier, Amsterdam. | P66: As the prior, we assume the same value that has been used before for periphyton. Values is adapted during calibration. | Q66: value derived from literature source as prior and then calibrated | R66: yes | U66: L
A67: KP | B67: PhBlueGreens_KP | C67: parameter_input.dat | D67: mgP/L | E67: Halfsaturation concentration of phosphate | F67: lognormal | G67: 0.01 | H67: 0.0025 | I67: - | J67: - | K67: =VLOOKUP(B67,Tabelle1!$A$1:$C$351,2,FALSE) -> 0.010092457 | L67: =VLOOKUP(B67,Tabelle1!$A$1:$C$351,3,FALSE) -> 0.0025020827 | M67: Bowie G.L., Mills W.B., Porcella D.B., Campbell C.L., Pagenkopf J.R., Rupp G.L., Johnson K.M., Chan P.W.H., Gherini S.A. & Chamberlin C.E. (1985). Rates, Constants, and Kinetics Formulations in Surface Water Quality Modeling. U.S. EPA, Athens, GA, USA. // Jørgensen, S.E., Nielsen, S.N., Jørgensen, L.A., 1991. Handbook of Ecological Parameters and Ecotoxicology. Elsevier, Amsterdam. | P67: As the prior, we assume the same value that has been used before for periphyton. Values is adapted during calibration. | Q67: value derived from literature source as prior and then calibrated | R67: yes | U67: L
A68: KP | B68: PhCryptophytes_KP | C68: parameter_input.dat | D68: mgP/L | E68: Halfsaturation concentration of phosphate | F68: lognormal | G68: 0.01 | H68: 0.0025 | I68: - | J68: - | K68: =VLOOKUP(B68,Tabelle1!$A$1:$C$351,2,FALSE) -> 0.0097684681 | L68: =VLOOKUP(B68,Tabelle1!$A$1:$C$351,3,FALSE) -> 0.0023588942 | M68: Bowie G.L., Mills W.B., Porcella D.B., Campbell C.L., Pagenkopf J.R., Rupp G.L., Johnson K.M., Chan P.W.H., Gherini S.A. & Chamberlin C.E. (1985). Rates, Constants, and Kinetics Formulations in Surface Water Quality Modeling. U.S. EPA, Athens, GA, USA. // Jørgensen, S.E., Nielsen, S.N., Jørgensen, L.A., 1991. Handbook of Ecological Parameters and Ecotoxicology. Elsevier, Amsterdam. | P68: As the prior, we assume the same value that has been used before for periphyton. Values is adapted during calibration. | Q68: value derived from literature source as prior and then calibrated | R68: yes | U68: L
A69: KP | B69: PhDiatoms_KP | C69: parameter_input.dat | D69: mgP/L | E69: Halfsaturation concentration of phosphate | F69: lognormal | G69: 0.01 | H69: 0.0025 | I69: - | J69: - | K69: =VLOOKUP(B69,Tabelle1!$A$1:$C$351,2,FALSE) -> 0.010326074 | L69: =VLOOKUP(B69,Tabelle1!$A$1:$C$351,3,FALSE) -> 0.0024546483 | M69: Bowie G.L., Mills W.B., Porcella D.B., Campbell C.L., Pagenkopf J.R., Rupp G.L., Johnson K.M., Chan P.W.H., Gherini S.A. & Chamberlin C.E. (1985). Rates, Constants, and Kinetics Formulations in Surface Water Quality Modeling. U.S. EPA, Athens, GA, USA. // Jørgensen, S.E., Nielsen, S.N., Jørgensen, L.A., 1991. Handbook of Ecological Parameters and Ecotoxicology. Elsevier, Amsterdam. | P69: As the prior, we assume the same value that has been used before for periphyton. Values is adapted during calibration. | Q69: value derived from literature source as prior and then calibrated | R69: yes | U69: L
A70: KP | B70: PhGreens_KP | C70: parameter_input.dat | D70: mgP/L | E70: Halfsaturation concentration of phosphate | F70: lognormal | G70: 0.01 | H70: 0.0025 | I70: - | J70: - | K70: =VLOOKUP(B70,Tabelle1!$A$1:$C$351,2,FALSE) -> 0.0098373326 | L70: =VLOOKUP(B70,Tabelle1!$A$1:$C$351,3,FALSE) -> 0.0024076497 | M70: Bowie G.L., Mills W.B., Porcella D.B., Campbell C.L., Pagenkopf J.R., Rupp G.L., Johnson K.M., Chan P.W.H., Gherini S.A. & Chamberlin C.E. (1985). Rates, Constants, and Kinetics Formulations in Surface Water Quality Modeling. U.S. EPA, Athens, GA, USA. // Jørgensen, S.E., Nielsen, S.N., Jørgensen, L.A., 1991. Handbook of Ecological Parameters and Ecotoxicology. Elsevier, Amsterdam. | P70: As the prior, we assume the same value that has been used before for periphyton. Values is adapted during calibration. | Q70: value derived from literature source as prior and then calibrated | R70: yes | U70: L
A71: M | B71: PhBlueGreens_M | C71: parameter_input.dat | D71: gAFDM (g ash free dry biomass) | E71: Mean individual body mass | F71: none | G71: 1e-10 | I71: - | J71: - | K71: - | L71: - | M71: Nalewaijko 1966 Table 1: Pragmatic value chosen in range 4.5-4615 ugAFDW/10^6cells. | N71: Chlamydomonas angulosa, Chlorella pyrenoidosa, Dictyosphaerium, Micractinium pusillum, Pediastrum duplex, Scenedesmus dimorphus, Scenedesmus quadricauda, Staurastrum sp., Stichococcus bacillaris, Ulothrix sp. | O71: - | P71: Data for freshwater algae. | Q71: A pragmatic value was chosen from the range 4.5-4615 ugAFDW/10^6cells. Since differences within groups were larger than between groups, the same value was chosen for all groups used in this study. | R71: no | S71: - | T71: - | U71: L
A72: M | B72: PhCryptophytes_M | C72: parameter_input.dat | D72: gAFDM (g ash free dry biomass) | E72: Mean individual body mass | F72: none | G72: 1e-10 | I72: - | J72: - | K72: - | L72: - | M72: Nalewaijko 1966 Table 1: Pragmatic value chosen in range 4.5-4615 ugAFDW/10^6cells. | N72: Chlamydomonas angulosa, Chlorella pyrenoidosa, Dictyosphaerium, Micractinium pusillum, Pediastrum duplex, Scenedesmus dimorphus, Scenedesmus quadricauda, Staurastrum sp., Stichococcus bacillaris, Ulothrix sp. | O72: - | P72: Data for freshwater algae. Since differences within groups were larger than between groups, the same value was chosen for all groups used in this study | Q72: A pragmatic value was chosen from the range 4.5-4615 ugAFDW/10^6cells. Since differences within groups were larger than between groups, the same value was chosen for all groups used in this study. | R72: no | S72: - | T72: - | U72: L
A73: M | B73: PhDiatoms_M | C73: parameter_input.dat | D73: gAFDM (g ash free dry biomass) | E73: Mean individual body mass | F73: none | G73: 1e-10 | I73: - | J73: - | K73: - | L73: - | M73: Nalewaijko 1966 Table 1: Pragmatic value chosen in range 4.5-4615 ugAFDW/10^6cells. | N73: Chlamydomonas angulosa, Chlorella pyrenoidosa, Dictyosphaerium, Micractinium pusillum, Pediastrum duplex, Scenedesmus dimorphus, Scenedesmus quadricauda, Staurastrum sp., Stichococcus bacillaris, Ulothrix sp. | O73: - | P73: Data for freshwater algae. Since differences within groups were larger than between groups, the same value was chosen for all groups used in this study | Q73: A pragmatic value was chosen from the range 4.5-4615 ugAFDW/10^6cells. Since differences within groups were larger than between groups, the same value was chosen for all groups used in this study. | R73: no | S73: - | T73: - | U73: L
A74: M | B74: PhGreens_M | C74: parameter_input.dat | D74: gAFDM (g ash free dry biomass) | E74: Mean individual body mass | F74: none | G74: 1e-10 | I74: - | J74: - | K74: - | L74: - | M74: Nalewaijko 1966 Table 1: Pragmatic value chosen in range 4.5-4615 ugAFDW/10^6cells. | N74: Chlamydomonas angulosa, Chlorella pyrenoidosa, Dictyosphaerium, Micractinium pusillum, Pediastrum duplex, Scenedesmus dimorphus, Scenedesmus quadricauda, Staurastrum sp., Stichococcus bacillaris, Ulothrix sp. | O74: - | P74: Data for freshwater algae. Since differences within groups were larger than between groups, the same value was chosen for all groups used in this study | Q74: A pragmatic value was chosen from the range 4.5-4615 ugAFDW/10^6cells. Since differences within groups were larger than between groups, the same value was chosen for all groups used in this study. | R74: no | S74: - | T74: - | U74: L
A75: Taxon-specific parameters for periphyton
A76: Dini | B76: PeBlueGreens_Co14a_hab1_Dini | C76: parameter_input.dat | D76: gDM/m2 | E76: Initial algae density | F76: lognormal | G76: 0.006044945 | H76: 0.000604494 | I76: - | J76: - | K76: =VLOOKUP(B76,Tabelle1!$A$1:$C$351,2,FALSE) -> 0.0059877411 | L76: =VLOOKUP(B76,Tabelle1!$A$1:$C$351,3,FALSE) -> 0.0005748797 | M76: Mesocosm GmbH | N76: Blue Greens | O76: Measurements as described by Mesocosm GmbH | P76: This was the experimental data to be modelled | Q76: derived from experimental data and then calibrated | R76: yes | S76: Calculated from first measurment and converted to gDM/m2 using the conversion factors listed in "intermediary parameters" and the individual biomass M | T76: Chunk 1.4, function convert.exp.to.biomass, | U76: S
A77: Dini | B77: PeBlueGreens_Co16a_hab1_Dini | C77: parameter_input.dat | D77: gDM/m2 | E77: Initial algae density | F77: lognormal | G77: 0.026976334 | H77: 0.002697633 | I77: - | J77: - | K77: =VLOOKUP(B77,Tabelle1!$A$1:$C$351,2,FALSE) -> 0.027080685 | L77: =VLOOKUP(B77,Tabelle1!$A$1:$C$351,3,FALSE) -> 0.0023715166 | M77: Mesocosm GmbH | N77: Blue Greens | O77: Measurements as described by Mesocosm GmbH | P77: This was the experimental data to be modelled | Q77: derived from experimental data and then calibrated | R77: yes | S77: Calculated from first measurment and converted to gDM/m2 using the conversion factors listed in "intermediary parameters" and the individual biomass M | T77: Chunk 1.4, function convert.exp.to.biomass, | U77: S
A78: Dini | B78: PeBlueGreens_Co18c_hab1_Dini | C78: parameter_input.dat | D78: gDM/m2 | E78: Initial algae density | F78: lognormal | G78: 0.020818564 | H78: 0.002081856 | I78: - | J78: - | K78: =VLOOKUP(B78,Tabelle1!$A$1:$C$351,2,FALSE) -> 0.020912209 | L78: =VLOOKUP(B78,Tabelle1!$A$1:$C$351,3,FALSE) -> 0.0019568977 | M78: Mesocosm GmbH | N78: Blue Greens | O78: Measurements as described by Mesocosm GmbH | P78: This was the experimental data to be modelled | Q78: derived from experimental data and then calibrated | R78: yes | S78: Calculated from first measurment and converted to gDM/m2 using the conversion factors listed in "intermediary parameters" and the individual biomass M | T78: Chunk 1.4, function convert.exp.to.biomass, | U78: S
A79: Dini | B79: PeBlueGreens_Co19b_hab1_Dini | C79: parameter_input.dat | D79: gDM/m2 | E79: Initial algae density | F79: lognormal | G79: 0.014865056 | H79: 0.001486506 | I79: - | J79: - | K79: =VLOOKUP(B79,Tabelle1!$A$1:$C$351,2,FALSE) -> 0.01489707 | L79: =VLOOKUP(B79,Tabelle1!$A$1:$C$351,3,FALSE) -> 0.0014932281 | M79: Mesocosm GmbH | N79: Blue Greens | O79: Measurements as described by Mesocosm GmbH | P79: This was the experimental data to be modelled | Q79: derived from experimental data and then calibrated | R79: yes | S79: Calculated from first measurment and converted to gDM/m2 using the conversion factors listed in "intermediary parameters" and the individual biomass M | T79: Chunk 1.4, function convert.exp.to.biomass, | U79: S
A80: Dini | B80: PeDiatoms_Co14a_hab1_Dini | C80: parameter_input.dat | D80: gDM/m2 | E80: Initial algae density | F80: lognormal | G80: 0.050989014 | H80: 0.005098901 | I80: - | J80: - | K80: =VLOOKUP(B80,Tabelle1!$A$1:$C$351,2,FALSE) -> 0.051025449 | L80: =VLOOKUP(B80,Tabelle1!$A$1:$C$351,3,FALSE) -> 0.0053215383 | M80: Mesocosm GmbH | N80: Diatoms | O80: Measurements as described by Mesocosm GmbH | P80: This was the experimental data to be modelled | Q80: derived from experimental data and then calibrated | R80: yes | S80: Calculated from first measurment and converted to gDM/m2 using the conversion factors listed in "intermediary parameters" and the individual biomass M | T80: Chunk 1.4, function convert.exp.to.biomass, | U80: S
A81: Dini | B81: PeDiatoms_Co16a_hab1_Dini | C81: parameter_input.dat | D81: gDM/m2 | E81: Initial algae density | F81: lognormal | G81: 0.053524896 | H81: 0.00535249 | I81: - | J81: - | K81: =VLOOKUP(B81,Tabelle1!$A$1:$C$351,2,FALSE) -> 0.053644049 | L81: =VLOOKUP(B81,Tabelle1!$A$1:$C$351,3,FALSE) -> 0.0049945186 | M81: Mesocosm GmbH | N81: Diatoms | O81: Measurements as described by Mesocosm GmbH | P81: This was the experimental data to be modelled | Q81: derived from experimental data and then calibrated | R81: yes | S81: Calculated from first measurment and converted to gDM/m2 using the conversion factors listed in "intermediary parameters" and the individual biomass M | T81: Chunk 1.4, function convert.exp.to.biomass, | U81: S
A82: Dini | B82: PeDiatoms_Co18c_hab1_Dini | C82: parameter_input.dat | D82: gDM/m2 | E82: Initial algae density | F82: lognormal | G82: 0.10682147 | H82: 0.010682147 | I82: - | J82: - | K82: =VLOOKUP(B82,Tabelle1!$A$1:$C$351,2,FALSE) -> 0.10723242 | L82: =VLOOKUP(B82,Tabelle1!$A$1:$C$351,3,FALSE) -> 0.010504033 | M82: Mesocosm GmbH | N82: Diatoms | O82: Measurements as described by Mesocosm GmbH | P82: This was the experimental data to be modelled | Q82: derived from experimental data and then calibrated | R82: yes | S82: Calculated from first measurment and converted to gDM/m2 using the conversion factors listed in "intermediary parameters" and the individual biomass M | T82: Chunk 1.4, function convert.exp.to.biomass, | U82: S
A83: Dini | B83: PeDiatoms_Co19b_hab1_Dini | C83: parameter_input.dat | D83: gDM/m2 | E83: Initial algae density | F83: lognormal | G83: 0.038437934 | H83: 0.003843793 | I83: - | J83: - | K83: =VLOOKUP(B83,Tabelle1!$A$1:$C$351,2,FALSE) -> 0.0386099 | L83: =VLOOKUP(B83,Tabelle1!$A$1:$C$351,3,FALSE) -> 0.0040600096 | M83: Mesocosm GmbH | N83: Diatoms | O83: Measurements as described by Mesocosm GmbH | P83: This was the experimental data to be modelled | Q83: derived from experimental data and then calibrated | R83: yes | S83: Calculated from first measurment and converted to gDM/m2 using the conversion factors listed in "intermediary parameters" and the individual biomass M | T83: Chunk 1.4, function convert.exp.to.biomass, | U83: S
A84: Dini | B84: PeGreens_Co14a_hab1_Dini | C84: parameter_input.dat | D84: gDM/m2 | E84: Initial algae density | F84: lognormal | G84: 0.0505 | H84: 0.005046499 | I84: - | J84: - | K84: =VLOOKUP(B84,Tabelle1!$A$1:$C$351,2,FALSE) -> 0.050344332 | L84: =VLOOKUP(B84,Tabelle1!$A$1:$C$351,3,FALSE) -> 0.0052724707 | M84: Mesocosm GmbH | N84: Greens | O84: Measurements as described by Mesocosm GmbH | P84: This was the experimental data to be modelled | Q84: derived from experimental data and then calibrated | R84: yes | S84: Calculated from first measurment and converted to gDM/m2 using the conversion factors listed in "intermediary parameters" and the individual biomass M | T84: Chunk 1.4, function convert.exp.to.biomass, | U84: S
A85: Dini | B85: PeGreens_Co16a_hab1_Dini | C85: parameter_input.dat | D85: gDM/m2 | E85: Initial algae density | F85: lognormal | G85: 0.129 | H85: 0.012913349 | I85: - | J85: - | K85: =VLOOKUP(B85,Tabelle1!$A$1:$C$351,2,FALSE) -> 0.12927168 | L85: =VLOOKUP(B85,Tabelle1!$A$1:$C$351,3,FALSE) -> 0.013072883 | M85: Mesocosm GmbH | N85: Greens | O85: Measurements as described by Mesocosm GmbH | P85: This was the experimental data to be modelled | Q85: derived from experimental data and then calibrated | R85: yes | S85: Calculated from first measurment and converted to gDM/m2 using the conversion factors listed in "intermediary parameters" and the individual biomass M | T85: Chunk 1.4, function convert.exp.to.biomass, | U85: S
A86: Dini | B86: PeGreens_Co18c_hab1_Dini | C86: parameter_input.dat | D86: gDM/m2 | E86: Initial algae density | F86: lognormal | G86: 0.0934 | H86: 0.00933579 | I86: - | J86: - | K86: =VLOOKUP(B86,Tabelle1!$A$1:$C$351,2,FALSE) -> 0.093496058 | L86: =VLOOKUP(B86,Tabelle1!$A$1:$C$351,3,FALSE) -> 0.0088954025 | M86: Mesocosm GmbH | N86: Greens | O86: Measurements as described by Mesocosm GmbH | P86: This was the experimental data to be modelled | Q86: derived from experimental data and then calibrated | R86: yes | S86: Calculated from first measurment and converted to gDM/m2 using the conversion factors listed in "intermediary parameters" and the individual biomass M | T86: Chunk 1.4, function convert.exp.to.biomass, | U86: S
A87: Dini | B87: PeGreens_Co19b_hab1_Dini | C87: parameter_input.dat | D87: gDM/m2 | E87: Initial algae density | F87: lognormal | G87: 0.0784 | H87: 0.007838911 | I87: - | J87: - | K87: =VLOOKUP(B87,Tabelle1!$A$1:$C$351,2,FALSE) -> 0.077913356 | L87: =VLOOKUP(B87,Tabelle1!$A$1:$C$351,3,FALSE) -> 0.0078168528 | M87: Mesocosm GmbH | N87: Greens | O87: Measurements as described by Mesocosm GmbH | P87: This was the experimental data to be modelled | Q87: derived from experimental data and then calibrated | R87: yes | S87: Calculated from first measurment and converted to gDM/m2 using the conversion factors listed in "intermediary parameters" and the individual biomass M | T87: Chunk 1.4, function convert.exp.to.biomass, | U87: S
A88: Ea | B88: PeBlueGreens_Ea | C88: parameter_input.dat | D88: eV | E88: Activation energy | F88: lognormal | G88: 0.231 | H88: 0.1155 | I88: - | J88: - | K88: =VLOOKUP(B88,Tabelle1!$A$1:$C$351,2,FALSE) -> 0.33222558 | L88: =VLOOKUP(B88,Tabelle1!$A$1:$C$351,3,FALSE) -> 0.13490856 | M88: Tang E.P.Y. & Peters R.H. (1995). The allometry of algal respiration. Journal of Plankton Research, 17, 303-315. | N88: study collected data from literature and built the regression model. Collected data: 178 data entries representing 37 different species and six divisions and then | O88: study standardized all data to 20°C | P88: overarching principles | Q88: value derived from literature source as prior and then calibrated | R88: yes | U88: L
A89: Ea | B89: PeDiatoms_Ea | C89: parameter_input.dat | D89: eV | E89: Activation energy | F89: lognormal | G89: 0.231 | H89: 0.1155 | I89: - | J89: - | K89: =VLOOKUP(B89,Tabelle1!$A$1:$C$351,2,FALSE) -> 0.32689321 | L89: =VLOOKUP(B89,Tabelle1!$A$1:$C$351,3,FALSE) -> 0.15465978 | M89: Tang E.P.Y. & Peters R.H. (1995). The allometry of algal respiration. Journal of Plankton Research, 17, 303-315. | N89: study collected data from literature and built the regression model. Collected data: 178 data entries representing 37 different species and six divisions and then | O89: study standardized all data to 20°C | P89: overarching principles | Q89: value derived from literature source as prior and then calibrated | R89: yes | U89: L
A90: Ea | B90: PeGreens_Ea | C90: parameter_input.dat | D90: eV | E90: Activation energy | F90: lognormal | G90: 0.231 | H90: 0.1155 | I90: - | J90: - | K90: =VLOOKUP(B90,Tabelle1!$A$1:$C$351,2,FALSE) -> 0.31983849 | L90: =VLOOKUP(B90,Tabelle1!$A$1:$C$351,3,FALSE) -> 0.12734834 | M90: Tang E.P.Y. & Peters R.H. (1995). The allometry of algal respiration. Journal of Plankton Research, 17, 303-315. | N90: study collected data from literature and built the regression model. Collected data: 178 data entries representing 37 different species and six divisions and then | O90: study standardized all data to 20°C | P90: overarching principles | Q90: value derived from literature source as prior and then calibrated | R90: yes | U90: L
A91: fbasaltax | B91: PeBlueGreens_fbasaltax | C91: parameter_input.dat | D91: - | E91: Taxon-specific modification factor regarding basal metabolism | F91: Normal truncated | G91: 1 | H91: 0.25 | I91: 0.01 | J91: 1.99 | K91: =VLOOKUP(B91,Tabelle1!$A$1:$C$351,2,FALSE) -> 0.97983734 | L91: =VLOOKUP(B91,Tabelle1!$A$1:$C$351,3,FALSE) -> 0.23754925 | M91: starting value for prior based on mechanistic considerations | N91: - | O91: - | P91: - | Q91: - | R91: yes | S91: - | T91: - | U91: M
A92: fbasaltax | B92: PeDiatoms_fbasaltax | C92: parameter_input.dat | D92: - | E92: Taxon-specific modification factor regarding basal metabolism | F92: Normal truncated | G92: 1 | H92: 0.25 | I92: 0.01 | J92: 1.99 | K92: =VLOOKUP(B92,Tabelle1!$A$1:$C$351,2,FALSE) -> 0.99437378 | L92: =VLOOKUP(B92,Tabelle1!$A$1:$C$351,3,FALSE) -> 0.22736757 | M92: starting value for prior based on mechanistic considerations | N92: - | O92: - | P92: - | Q92: - | R92: yes | S92: - | T92: - | U92: M
A93: fbasaltax | B93: PeGreens_fbasaltax | C93: parameter_input.dat | D93: - | E93: Taxon-specific modification factor regarding basal metabolism | F93: Normal truncated | G93: 1 | H93: 0.25 | I93: 0.01 | J93: 1.99 | K93: =VLOOKUP(B93,Tabelle1!$A$1:$C$351,2,FALSE) -> 0.99367069 | L93: =VLOOKUP(B93,Tabelle1!$A$1:$C$351,3,FALSE) -> 0.25590191 | M93: starting value for prior based on mechanistic considerations | N93: - | O93: - | P93: - | Q93: - | R93: yes | S93: - | T93: - | U93: M
A94: fdeath | B94: PeBlueGreens_fdeath | C94: parameter_input.dat | D94: - | E94: Multiplicative factor regarding mortality | F94: lognormal | G94: 0.5 | H94: 0.25 | I94: - | J94: - | K94: =VLOOKUP(B94,Tabelle1!$A$1:$C$351,2,FALSE) -> 0.51213019 | L94: =VLOOKUP(B94,Tabelle1!$A$1:$C$351,3,FALSE) -> 0.25387969 | M94: starting value for prior based on mechanistic considerations | N94: - | O94: - | P94: - | Q94: - | R94: yes | S94: - | T94: - | U94: M
A95: fdeath | B95: PeDiatoms_fdeath | C95: parameter_input.dat | D95: - | E95: Multiplicative factor regarding mortality | F95: lognormal | G95: 0.5 | H95: 0.25 | I95: - | J95: - | K95: =VLOOKUP(B95,Tabelle1!$A$1:$C$351,2,FALSE) -> 0.49799197 | L95: =VLOOKUP(B95,Tabelle1!$A$1:$C$351,3,FALSE) -> 0.25869138 | M95: starting value for prior based on mechanistic considerations | N95: - | O95: - | P95: - | Q95: - | R95: yes | S95: - | T95: - | U95: M
A96: fdeath | B96: PeGreens_fdeath | C96: parameter_input.dat | D96: - | E96: Multiplicative factor regarding mortality | F96: lognormal | G96: 0.5 | H96: 0.25 | I96: - | J96: - | K96: =VLOOKUP(B96,Tabelle1!$A$1:$C$351,2,FALSE) -> 0.49089712 | L96: =VLOOKUP(B96,Tabelle1!$A$1:$C$351,3,FALSE) -> 0.23682864 | M96: starting value for prior based on mechanistic considerations | N96: - | O96: - | P96: - | Q96: - | R96: yes | S96: - | T96: - | U96: M
A97: fgrotax | B97: PeBlueGreens_fgrotax | C97: parameter_input.dat | D97: - | E97: Taxon-specific modification factor of the growth rate | F97: Normal truncated | G97: 1 | H97: 0.25 | I97: 0.01 | J97: 1.99 | K97: =VLOOKUP(B97,Tabelle1!$A$1:$C$351,2,FALSE) -> 1.0144878 | L97: =VLOOKUP(B97,Tabelle1!$A$1:$C$351,3,FALSE) -> 0.24479246 | M97: starting value for prior based on mechanistic considerations | N97: - | O97: - | P97: - | Q97: - | R97: yes | S97: - | T97: - | U97: M
A98: fgrotax | B98: PeDiatoms_fgrotax | C98: parameter_input.dat | D98: - | E98: Taxon-specific modification factor of the growth rate | F98: Normal truncated | G98: 1 | H98: 0.25 | I98: 0.01 | J98: 1.99 | K98: =VLOOKUP(B98,Tabelle1!$A$1:$C$351,2,FALSE) -> 1.0160217 | L98: =VLOOKUP(B98,Tabelle1!$A$1:$C$351,3,FALSE) -> 0.23328501 | M98: starting value for prior based on mechanistic considerations | N98: - | O98: - | P98: - | Q98: - | R98: yes | S98: - | T98: - | U98: M
A99: fgrotax | B99: PeGreens_fgrotax | C99: parameter_input.dat | D99: - | E99: Taxon-specific modification factor of the growth rate | F99: Normal truncated | G99: 1 | H99: 0.25 | I99: 0.01 | J99: 1.99 | K99: =VLOOKUP(B99,Tabelle1!$A$1:$C$351,2,FALSE) -> 0.99984722 | L99: =VLOOKUP(B99,Tabelle1!$A$1:$C$351,3,FALSE) -> 0.25500109 | M99: starting value for prior based on mechanistic considerations | N99: - | O99: - | P99: - | Q99: - | R99: yes | S99: - | T99: - | U99: M
A100: hdens | B100: PeBlueGreens_hdens | C100: parameter_input.dat | D100: gDM/m2 | E100: Half-saturation density of biomass regarding self-inhibition | F100: lognormal | G100: 40 | H100: 40 | I100: - | J100: - | K100: =VLOOKUP(B100,Tabelle1!$A$1:$C$351,2,FALSE) -> 35.053581 | L100: =VLOOKUP(B100,Tabelle1!$A$1:$C$351,3,FALSE) -> 33.673644 | M100: expert judgement | N100: - | O100: - | P100: - | Q100: - | R100: yes | S100: - | T100: - | U100: M
A101: hdens | B101: PeDiatoms_hdens | C101: parameter_input.dat | D101: gDM/m2 | E101: Half-saturation density of biomass regarding self-inhibition | F101: lognormal | G101: 40 | H101: 40 | I101: - | J101: - | K101: =VLOOKUP(B101,Tabelle1!$A$1:$C$351,2,FALSE) -> 37.040624 | L101: =VLOOKUP(B101,Tabelle1!$A$1:$C$351,3,FALSE) -> 31.786575 | M101: expert judgement | N101: - | O101: - | P101: - | Q101: - | R101: yes | S101: - | T101: - | U101: M
A102: hdens | B102: PeGreens_hdens | C102: parameter_input.dat | D102: gDM/m2 | E102: Half-saturation density of biomass regarding self-inhibition | F102: lognormal | G102: 40 | H102: 40 | I102: - | J102: - | K102: =VLOOKUP(B102,Tabelle1!$A$1:$C$351,2,FALSE) -> 41.219146 | L102: =VLOOKUP(B102,Tabelle1!$A$1:$C$351,3,FALSE) -> 37.7552 | M102: expert judgement | N102: - | O102: - | P102: - | Q102: - | R102: yes | S102: - | T102: - | U102: M
A103: fprod | B103: PeBlueGreens_fprod | C103: parameter_input.dat | D103: - | E103: Multiplicative factor regarding growth of primary producers | F103: lognormal | G103: 5 | H103: 2.5 | I103: - | J103: - | K103: =VLOOKUP(B103,Tabelle1!$A$1:$C$351,2,FALSE) -> 5.2659196 | L103: =VLOOKUP(B103,Tabelle1!$A$1:$C$351,3,FALSE) -> 2.7385041 | M103: Tang E.P.Y. (1995). The allometry of algal growth rates. Journal of Plankton Reserach, 17, 1325-1335. | Q103: value derived from literature source as prior and then calibrated | R103: yes | U103: L
...

Sheet Input files
A1: Type of data in input file (e.g., daily temperature) | B1: File name in which data is contained | C1: Unit(s) of data | D1: Format of data (e.g., number of data points included) | E1: Name/meaning in real system | F1: Description of uncertainty of data in the input file | G1: References (including page #, table #, etc.) | H1: Description of system from which data originates | I1: Justification of relevance | J1: Estimation method (direct use of data, derived from original source, etc.) | K1: Description of methods and intermediary parameters used for compilation of input data (or reference to separate document) | L1: External files used for data estimation/ compilation (e.g., scripts, tables, etc.) or description of methodology
A2: nitrogen concentration | B2: environmental_conditions_variable | C2: mgN/L | D2: 4 timepoints | F2: no uncertainty addressed | G2: Provided by mesocosm GmbH | H2: Mesocosm studies | I2: Measured in the study | J2: Measured values for ammonia and ni | K2: Values from nitrate and ammonium were taken, N-content calculated, added and averaged across enclosures. | L2: R-file Prepare_exp_data.R
A3: phosphor concentration | B3: environmental_conditions_variable | C3: mgP/L | D3: 4 timepoints | F3: no uncertainty addressed | G3: Provided by mesocosm GmbH | H3: Mesocosm studies | I3: Measured in the study | J3: derived from original source | K3: Values from phosphate were taken, P-content calculated averaged across enclosures. | L3: R-file Prepare_exp_data.R
A4: temperature | B4: environmental_conditions_variable | C4: °C | D4: ca. 14 timepoints | F4: no uncertainty addressed | G4: Mesocosm GmbH | H4: Mesocosm studies | I4: intended for this project | J4: derived from original source | K4: Values were taken, mean across enclosures calculated | L4: R-file Prepare_exp_data.R
A5: shade | B5: environmental_conditions_variable | C5: % | D5: 5 timepoints | F5: no uncertainty addressed | G5: Mesocosm GmbH | H5: Mesocosm studies: measured coverage by macrophytes | I5: Proxy to cover shading effects caused by macrophytes. | J5: direct use of data | K5: - | L5: R-file Prepare_exp_data.R
A6: ionziation | B6: environmental_conditions_variable | C6: W/m2 | D6: daily mean | F6: no uncertainty addressed | G6: Mesocosm GmbH | H6: Station 35 km from FNU, rural | I6: intended for this project | J6: derived from original source | K6: daily mean calculated | L6: R-file Prepare_exp_data.R
A7: River width | B7: environmental_conditions_fix.txt | C7: m | D7: 4 values (1 value per Reach) | F7: no uncertainty addressed | G7: Mesocosm GmbH | H7: Mesocosm studies | I7: intended for this project | J7: direct use of data | K7: - | L7: -
A8: River reach length | B8: environmental_conditions_fix.txt | C8: m | D8: 4 values (1 value per Reach) | F8: no uncertainty addressed | G8: Mesocosm GmbH | H8: Mesocosm studies | I8: intended for this project | J8: direct use of data | K8: - | L8: -

Sheet Intermediary parameters
A1: Name of intermediary parameter | B1: Used in the calculation/ estimation of model parameter(s) | C1: Unit | D1: Biological name/meaning | E1: Estimated value | F1: Uncertainty (min, max of 95% interval or range of reported values) | G1: References (including page #, table #, etc.) | H1: Species used in measurement | I1: Experimental setting of measurement | J1: Justification of relevance | K1: Estimation method (direct use of data, derived from literature source, calibration) | L1: Description of methods used for parameter estimation (or reference to separate document) | M1: External files used for parameter estimation (e.g., scripts, tables, etc.) or description of methodology
A3: Conversion factors to extrapolate number of invertebrates in sample to abundance in mesocosm
A4: f.asellus | B4: abundance in mesocosm | C4: 1/m2 | D4: Conversion factors to extrapolate number of asellus, gammarus in sample to abundance in mesocosm | E4: 0.5 | F4: 0.1 - 1.3 | G4: Schmolke A. et al. (2021). Ecosystem modeling of mesocosm studies. Macroinvertebrates: estimating abundance per area from individuals per sample. Version of 4.March 2021 | H4: asellus aquaticus | I4: - | J4: developed by the consortium for this study | K4: direct use of data | L4: - | M4: -
A5: f.chiro | B5: abundance in mesocosm | C5: 1/m2 | D5: Conversion factors to extrapolate chironomidae, tanypodinae in sample to abundance in mesocosm | E5: 14.1 | F5: 12.2-16.1 | G5: Schmolke A. et al. (2021). Ecosystem modeling of mesocosm studies. Macroinvertebrates: estimating abundance per area from individuals per sample. Version of 4.March 2021 | H5: chironomidae | I5: - | J5: developed by the consortium for this study | K5: direct use of data | L5: - | M5: -
A6: f.snails | B6: abundance in mesocosm | C6: 1/m2 | D6: Conversion factors to extrapolate gastropoda in sample to abundance in mesocosm | E6: 1.3 | F6: 0.2-2.3 | G6: Schmolke A. et al. (2021). Ecosystem modeling of mesocosm studies. Macroinvertebrates: estimating abundance per area from individuals per sample. Version of 4.March 2021 | H6: snails | I6: - | J6: developed by the consortium for this study | K6: direct use of data | L6: - | M6: -
A7: f.oligo | B7: abundance in mesocosm | C7: 1/m2 | D7: Conversion factors to extrapolate hirudinea, oligochaeta in sample to abundance in mesocosm | E7: 11 | G7: Schmolke A. et al. (2021). Ecosystem modeling of mesocosm studies. Macroinvertebrates: estimating abundance per area from individuals per sample. Version of 4.March 2021 | H7: oligochaeta | I7: - | J7: developed by the consortium for this study | K7: direct use of data | L7: - | M7: -
A8: f.chaoborus | B8: abundance in mesocosm | C8: 1L | D8: Conversion factors to extrapolate chaoborus, cloeon, nepomorpha, odonata in sample to abundance in mesocosm | E8: 0.006 | G8: Schmolke A. et al. (2021). Ecosystem modeling of mesocosm studies. Macroinvertebrates: estimating abundance per area from individuals per sample. Version of 4.March 2021 | H8: chaoborus | I8: - | J8: developed by the consortium for this study | K8: direct use of data | L8: - | M8: -
A10: Other extrapolation factors
A11: no name (is calculated) | B11: Conversion to extrapolate from periphyton density on slide to density in mesocosm | C11: extrapolations assumes algae grows on ground and walls of the mesocosm. We ignore periphyton growing on macrophytes
A12: f.chla | B12: periphyton and phytoplankton biomass density | C12: ug Chl a / mg DW | D12: chlorophyll a content per mg of dry weight | E12: 6 | G12: see references belows
E13: 12 | G13: Runck 2007, Fig. 4 | H13: periphyton | I13: in streams, periphyton contained 1.0 - 1.45% Chlorophylla (AFDM) | J13: we model periphyton, values agree well with other
E14: 6 | G14: Strauss 2021: Compilation of correlations of chlorophyll a data and phytoplankton biomasses | H14: Chlorophyceae, Cyanobacteria, Diatoms and chrysophyceae, Cryptophyceae, Doinophyceae,
E15: 2.3 | G15: REYNOLDS, Colin S. The ecology of freshwater phytoplankton. Cambridge university press, 1984.
A17: Factors used to convert environmental conditions
A18: °C -> K
A19: Ammonium -> N
A20: Nitrate -> N
A21: Phosphate -> P

Sheet Unused references
A1: Name of input or intermediary parameter or input data | B1: Reference to source presenting relevant measurements | C1: Data presented in the source: species, experimental setting and design | D1: Reason the source was not used for parameter or input estimation

Sheet Tabelle1
B1: mean | C1: sd
A2: Algae_b | B2: 0.93918975 | C2: 0.03407624
A3: Algae_i0 | B3: 3.7549316e+09 | C3: 1.41494e+09
A4: Invertebrates_Ea | B4: 0.70672225 | C4: 0.010139978
A5: Invertebrates_b | B5: 0.69712103 | C5: 0.0071303223
A6: Invertebrates_i0 | B6: 5.2477295e+15 | C6: 1.7046488e+15
A7: FPOM_kminer | B7: 2.0845525 | C7: 2.0346036
A8: PhBlueGreens_KI | B8: 188.67426 | C8: 206.2315
A9: PhGreens_KI | B9: 165.1534 | C9: 160.98024
A10: PhDiatoms_KI | B10: 170.20159 | C10: 170.64492
A11: PhCryptophytes_KI | B11: 177.59851 | C11: 217.74482
A12: PeBlueGreens_KI | B12: 281.1575 | C12: 290.48006
A13: PeGreens_KI | B13: 260.52282 | C13: 245.71758
... A98: Chironomidae_Co19b_hab1_Dini | B98: 0.082869113 | C98: 0.0084577004
A99: CladoceraPhytophilous_Co14a_hab1_Dini | B99: NA | C99: NA
A100: CladoceraPhytophilous_Co16a_hab1_Dini | B100: 0.030885383 | C100: 0.0032301347
A101: CladoceraPhytophilous_Co18c_hab1_Dini | B101: 0.0012449083 | C101: 0.00012469284
A102: CladoceraPhytophilous_Co19b_hab1_Dini | B102: 0.0015765004 | C102: 0.00016494329
A103: CladoceraSmall_Co14a_hab1_Dini | B103: 0.0043083992 | C103: 0.00043329047
A104: CladoceraSmall_Co16a_hab1_Dini | B104: 0.13097066 | C104: 0.013772589
A105: CladoceraSmall_Co18c_hab1_Dini | B105: 0.069584341 | C105: 0.0072285385
A106: CladoceraSmall_Co19b_hab1_Dini | B106: 0.0097560945 | C106: 0.001062545
A107: Cloeon_Co14a_hab1_Dini | B107: 0.031856904 | C107: 0.0031216776
A108: Cloeon_Co16a_hab1_Dini | B108: 0.072323775 | C108: 0.0071104386
A109: Cloeon_Co18c_hab1_Dini | B109: 0.092307643 | C109: 0.0090245166
A110: Cloeon_Co19b_hab1_Dini | B110: 0.009449964 | C110: 0.00089272398
A111: CopepodaHerbivorous_Co14a_hab1_Dini | B111: NA | C111: NA
A112: CopepodaHerbivorous_Co16a_hab1_Dini | B112: NA | C112: NA
A113: CopepodaHerbivorous_Co18c_hab1_Dini | B113: 0.012137761 | C113: 0.0012252439
A114: CopepodaHerbivorous_Co19b_hab1_Dini | B114: NA | C114: NA
A115: CopepodaPredatory_Co14a_hab1_Dini | B115: 0.12285299 | C115: 0.012614163
A116: CopepodaPredatory_Co16a_hab1_Dini | B116: 0.08278419 | C116: 0.008028291
A117: CopepodaPredatory_Co18c_hab1_Dini | B117: 0.43090424 | C117: 0.042244766
A118: CopepodaPredatory_Co19b_hab1_Dini | B118: 0.05757026 | C118: 0.0057763894
A119: Daphnidae_Co14a_hab1_Dini | B119: NA | C119: NA
A120: Daphnidae_Co16a_hab1_Dini | B120: 1.0229039 | C120: 0.095848895
A121: Daphnidae_Co18c_hab1_Dini | B121: 0.28693456 | C121: 0.027456955
A122: Daphnidae_Co19b_hab1_Dini | B122: 0.28826116 | C122: 0.025851907
A123: Gammarus_Co14a_hab1_Dini | B123: NA | C123: NA
A124: Gammarus_Co16a_hab1_Dini | B124: 0.020324365 | C124: 0.0020858039
A125: Gammarus_Co18c_hab1_Dini | B125: 0.024231003 | C125: 0.0023144404
A126: Gammarus_Co19b_hab1_Dini | B126: NA | C126: NA
A127: Gastropoda_Co14a_hab1_Dini | B127: 1.2666896 | C127: 0.13629279
A128: Gastropoda_Co16a_hab1_Dini | B128: 2.7631149 | C128: 0.25098454
A129: Gastropoda_Co18c_hab1_Dini | B129: 1.3383785 | C129: 0.1343272
A130: Gastropoda_Co19b_hab1_Dini | B130: 1.5378503 | C130: 0.15044331
A131: Hirudinea_Co14a_hab1_Dini | B131: 0.29094645 | C131: 0.02811825
A132: Hirudinea_Co16a_hab1_Dini | B132: 0.077601909 | C132: 0.0075475033
A133: Hirudinea_Co18c_hab1_Dini | B133: 0.19907255 | C133: 0.020038818
A134: Hirudinea_Co19b_hab1_Dini | B134: 0.057926138 | C134: 0.0055964875
A135: Nepomorpha_Co14a_hab1_Dini | B135: 0.14855091 | C135: 0.015879496
A136: Nepomorpha_Co16a_hab1_Dini | B136: 0.089201198 | C136: 0.0095342562
A137: Nepomorpha_Co18c_hab1_Dini | B137: 0.11877036 | C137: 0.01199337
A138: Nepomorpha_Co19b_hab1_Dini | B138: 0.19491685 | C138: 0.018753907
... A351: MyriophyllumSpicatum_KN | B351: 0.075190413 | C351: 0.018418164
