Workbook

Sheet Info
A1: CRITERIA TO ANALYZE MODEL OUTPUTS WHEN SIMULATING EFFECTS
A3: Ecosystem modeling of mesocosm studies: Azoxystrobin effect calibration criteria
A4: Date: May 3 2022
A5: Prepared by: Chiara Accolla, Farah Abi-Akar, Amelie Schmolke
B6: The following sheets in this file provide the numerical effect criteria for relevant,treatment-related effects and templates for the reporting of the effect calibration outcomes. The following points summarize the steps for presentation of the simulated effects. Relevant, treatment-related effects that apply to consensus species groups were only observed in the highest treatment level (33 µg ai/L) applied in the 2019 AZT mesocsom study and thus, all criteria listed apply to this treatment level only. Please refer to the accompanying document "AZT_effect_criteria_June2022.docx" for details. Reporting on simulated effects in species groups without observed, treatment-related effects in the mesocosm study is not included in this template (see Section II. in the accompanying document).
B7: Instructions: In each tab, fill in the effect size percentage and ME in the rows under "Model Output" (e.g., in sheet "Phytoplankton", cells B12:O12 and B13:O13)
A9: **** | B9: 1) The effect direction needs to be captured (increase or decrease of chlorophyll-a/abundance)
A10: **** | B10: 2) The effect size, i.e., the relative difference between simulated treatment (%) and simulated control (%) (absolute value), must be at least as large as the day-specific %MDD when effects have been observed (table cells with yellow shading).
A11: **** | B11: 3) The effect size, i.e., the relative difference between simulated treatment (%) and simulated control (%) (absolute value), must be smaller than the day-specific %MDD when there are no observed effects.
A12: **** | B12: 4) If a clear recovery was identified, model should capture it (table cells with blue shading). Recovery is defined by a 20% threshold: effect size must be less than 20% in absolute value.
A13: **** | B13: 5) The Mean Error (ME), i.e., difference (absolute value) between simulated and observed % effect size is calculated for each sampling day (after first application) as indicated in the tables.
A15: **** | B15: Model results need to be discussed whenever they fail to meet the criteria.
A16: **** | B16: For the species groups with relevant, treatment-related effects, the number of false negatives (abs(%effectsim) < %MDD in yellow cells) and false positives (abs(%effectsim) ≥ %MDD in white cells) should be reported in the sheet "Final"
A18: **** | B18: Yellow cases show when relevant treatment-related effects were found in the mesocosm experiment. -> simulated effect-size >= MDD
A19: **** | B19: Blue cases show when recovery must happen in the simulation. -> simulated effect-size < 20 %
A20: **** | B20: Values in gray cells do not need to be compared to the corresponding MDD value, but effect-size values are required for the ME calculation
A21: **** | B21: White cases show when NO relevant treatment-related effects were found -> simulated effect-size < MDD
A22: **** | B22: ME: Mean Error, calculated as the absolute value of the difference between % simulated effect size and % observed effect size for each observation date.

Sheet Phytoplankton
A2: Species group
A3: Diatoms (3A) | B3: Mesocosm effect study
A4: Date | B4: 43630 | C4: 43634 | D4: 43638 | E4: 43643 | F4: 43650 | G4: 43656 | H4: 43664 | I4: 43671 | J4: 43678 | K4: 43684 | L4: 43692 | M4: 43698 | N4: 43705 | O4: 43712
A5: Day after first application | B5: day 1 | C5: day 5 | D5: day 9 | E5: day 14 | F5: day 21 | G5: day 27 | H5: day 35 | I5: day 42 | J5: day 49 | K5: day 55 | L5: day 63 | M5: day 69 | N5: day 76 | O5: day 83 | Q5: Effect: DECREASE in chlorophyll-a
A6: MDD [%] | B6: 48 | C6: 37 | D6: 32 | E6: 29 | F6: 44 | G6: 45 | H6: 47 | I6: 47 | J6: 49 | K6: 50 | L6: 57 | M6: 55 | N6: 53 | O6: 56
A7: Observed effect size [%] | B7: 91 | C7: -3 | D7: 31 | E7: 7 | F7: 99 | G7: 94 | H7: -4 | I7: -38 | J7: -32 | K7: -39 | L7: -60 | M7: -2 | N7: -45 | O7: -24
B9: Model output
A10: Date | B10: 43630 | C10: 43634 | D10: 43638 | E10: 43643 | F10: 43650 | G10: 43656 | H10: 43664 | I10: 43671 | J10: 43678 | K10: 43684 | L10: 43692 | M10: 43698 | N10: 43705 | O10: 43712
A11: Day after first application | B11: day 1 | C11: day 5 | D11: day 9 | E11: day 14 | F11: day 21 | G11: day 27 | H11: day 35 | I11: day 42 | J11: day 49 | K11: day 55 | L11: day 63 | M11: day 69 | N11: day 76 | O11: day 83
A12: Simulated effect size [%] | B12: 3.5529737 | C12: 6.5636686 | D12: 10.213993 | E12: 16.129238 | F12: 23.495223 | G12: 27.387382 | H12: 31.408223 | I12: 35.228211 | J12: 39.50423 | K12: 40.133963 | L12: 40.225907 | M12: 40.225907 | N12: 40.016892 | O12: 39.477216
A13: ME | B13: =ABS(B12-B7) -> 87.447026 | C13: =ABS(C12-C7) -> 9.5636686 | D13: =ABS(D12-D7) -> 20.786007 | E13: =ABS(E12-E7) -> 9.1292376 | F13: =ABS(F12-F7) -> 75.504777 | G13: =ABS(G12-G7) -> 66.612618 | H13: =ABS(H12-H7) -> 35.408223 | I13: =ABS(I12-I7) -> 73.228211 | ... L13: =ABS(L12-L7) -> 100.22591 | M13: =ABS(N12-M7) -> 42.016892 | N13: =ABS(O12-N7) -> 84.477216 | O13: =ABS(P12-O7) -> 24
A17: Cryptophytes (3A) | B17: Mesocosm effect study
A18: Date | B18: 43630 | C18: 43634 | D18: 43638 | E18: 43643 | F18: 43650 | G18: 43656 | H18: 43664 | I18: 43671 | J18: 43678 | K18: 43684 | L18: 43692 | M18: 43698 | N18: 43705 | O18: 43712
A19: Day after first application | B19: day 1 | C19: day 5 | D19: day 9 | E19: day 14 | F19: day 21 | G19: day 27 | H19: day 35 | I19: day 42 | J19: day 49 | K19: day 55 | L19: day 63 | M19: day 69 | N19: day 76 | O19: day 83 | Q19: Effect: DECREASE in chlorophyll-a
A20: MDD [%] | B20: 48 | C20: 41 | D20: 48 | E20: 71 | F20: 92 | G20: 66 | H20: 73 | I20: 47 | J20: 85 | K20: 44 | L20: 85 | M20: 81 | N20: 86 | O20: 44
A21: Observed effect size [%] | B21: 126 | C21: -26 | D21: -17 | E21: -74 | F21: 2 | G21: 31 | H21: 66 | I21: -80 | J21: -69 | K21: -62 | L21: -71 | M21: -36 | N21: -74 | O21: -36
B23: Model output
A24: Date | B24: 43630 | C24: 43634 | D24: 43638 | E24: 43643 | F24: 43650 | G24: 43656 | H24: 43664 | I24: 43671 | J24: 43678 | K24: 43684 | L24: 43692 | M24: 43698 | N24: 43705 | O24: 43712
A25: Day after first application | B25: day 1 | C25: day 5 | D25: day 9 | E25: day 14 | F25: day 21 | G25: day 27 | H25: day 35 | I25: day 42 | J25: day 49 | K25: day 55 | L25: day 63 | M25: day 69 | N25: day 76 | O25: day 83
A26: Simulated effect size [%] | B26: 3.6015442 | C26: 6.6342731 | D26: 10.308124 | E26: 16.25648 | F26: 23.661174 | G26: 27.566467 | H26: 31.577516 | I26: 35.413754 | J26: 38.413159 | K26: 39.736663 | L26: 40.348772 | M26: 40.434751 | N26: 40.230039 | O26: 39.690772
A27: ME | B27: =ABS(B26-B21) -> 122.39846 | C27: =ABS(C26-C21) -> 32.634273 | D27: =ABS(D26-D21) -> 27.308124 | E27: =ABS(E26-E21) -> 90.25648 | F27: =ABS(F26-F21) -> 21.661174 | G27: =ABS(G26-G21) -> 3.4335332 | H27: =ABS(H26-H21) -> 34.422484 | I27: =ABS(I26-I21) -> 115.41375 | ... N27: =ABS(N26-N21) -> 114.23004 | O27: NA

Sheet Copepoda predatory
A1: **** NOTE | B1: You have to fill this table (and the table in the next sheet) only if you explicitly represented Nauplii
A4: Species group
A5: Copepodit + adults (5B) | B5: Mesocosm effect study
A6: Date | B6: 43630 | C6: 43636 | D6: 43638 | E6: 43644 | F6: 43651 | G6: 43658 | H6: 43665 | I6: 43672 | J6: 43679 | K6: 43686 | L6: 43693 | M6: 43700 | N6: 43706 | O6: 43714
A7: Day after first application | B7: day 1 | C7: day 7 | D7: day 9 | E7: day 15 | F7: day 22 | G7: day 29 | H7: day 36 | I7: day 43 | J7: day 50 | K7: day 57 | L7: day 64 | M7: day 71 | N7: day 77 | O7: day 85 | Q7: Effect: DECREASE in abundance
A8: MDD [%] | B8: 51 | C8: 40 | D8: 51 | E8: 60 | F8: 46 | G8: 38 | H8: 53 | I8: 53 | J8: 51 | K8: 47 | L8: 34 | M8: 56 | N8: 45 | O8: 59
A9: Observed effect size [%] | B9: 38 | C9: -64 | D9: -86 | E9: -97 | F9: -66 | G9: -63 | H9: -80 | I9: -81 | J9: -80 | K9: -73 | L9: -72 | M9: 4 | N9: -36 | O9: 2
B11: Model output
A12: Date | B12: 43630 | C12: 43636 | D12: 43638 | E12: 43644 | F12: 43651 | G12: 43658 | H12: 43665 | I12: 43672 | J12: 43679 | K12: 43686 | L12: 43693 | M12: 43700 | N12: 43706 | O12: 43714
A13: Day after first application | B13: day 1 | C13: day 7 | D13: day 9 | E13: day 15 | F13: day 22 | G13: day 29 | H13: day 36 | I13: day 43 | J13: day 50 | K13: day 57 | L13: day 64 | M13: day 71 | N13: day 77 | O13: day 85
A14: Simulated effect size [%]
A15: ME

Sheet Nauplia
A1: **** NOTE | B1: You have to fill this table (and the table in the previous sheet) only if you explicitly represented Nauplii
A3: Species group
A4: Nauplii (5B) | B4: Mesocosm effect study
A5: Date | B5: 43630 | C5: 43636 | D5: 43638 | E5: 43644 | F5: 43651 | G5: 43658 | H5: 43665 | I5: 43672 | J5: 43679 | K5: 43686 | L5: 43693 | M5: 43700 | N5: 43706 | O5: 43714
A6: Day after first application | B6: day 1 | C6: day 7 | D6: day 9 | E6: day 15 | F6: day 22 | G6: day 29 | H6: day 36 | I6: day 43 | J6: day 50 | K6: day 57 | L6: day 64 | M6: day 71 | N6: day 77 | O6: day 85 | Q6: Effect: DECREASE in abundance
A7: MDD [%] | B7: 47 | C7: 29 | D7: 54 | E7: 66 | F7: 67 | G7: 51 | H7: 53 | I7: 43 | J7: 55 | K7: 60 | L7: 57 | M7: 56 | N7: 65 | O7: 71
A8: Observed effect size [%] | B8: -31 | C8: -97 | D8: -100 | E8: -100 | F8: -100 | G8: -99 | H8: -99 | I8: -93 | J8: -99 | K8: -99 | L8: -99 | M8: -86 | N8: -52 | O8: -97
B10: Model output
A11: Date | B11: 43630 | C11: 43636 | D11: 43638 | E11: 43644 | F11: 43651 | G11: 43658 | H11: 43665 | I11: 43672 | J11: 43679 | K11: 43686 | L11: 43693 | M11: 43700 | N11: 43706 | O11: 43714
A12: Day after first application | B12: day 1 | C12: day 7 | D12: day 9 | E12: day 15 | F12: day 22 | G12: day 29 | H12: day 36 | I12: day 43 | J12: day 50 | K12: day 57 | L12: day 64 | M12: day 71 | N12: day 77 | O12: day 85
A13: Simulated effect size [%]
A14: ME

Sheet Copepoda predatory - ALL
A1: **** NOTE | B1: You have to fill this table only if you DID NOT explicitly represented Nauplii
A3: Species group
A4: Sum Copepoda (5B) | B4: Mesocosm effect study
A5: Date | B5: 43630 | C5: 43636 | D5: 43638 | E5: 43644 | F5: 43651 | G5: 43658 | H5: 43665 | I5: 43672 | J5: 43679 | K5: 43686 | L5: 43693 | M5: 43700 | N5: 43706 | O5: 43714
A6: Day after first application | B6: day 1 | C6: day 7 | D6: day 9 | E6: day 15 | F6: day 22 | G6: day 29 | H6: day 36 | I6: day 43 | J6: day 50 | K6: day 57 | L6: day 64 | M6: day 71 | N6: day 77 | O6: day 85 | Q6: Effect: DECREASE in abundance
A7: MDD [%] | B7: 45 | C7: 29 | D7: 44 | E7: 64 | F7: 46 | G7: 36 | H7: 43 | I7: 40 | J7: 41 | K7: 43 | L7: 49 | M7: 49 | N7: 58 | O7: 66
A8: Observed Effect size [%] | B8: -27 | C8: -96 | D8: -99 | E8: -100 | F8: -99 | G8: -98 | H8: -97 | I8: -91 | J8: -96 | K8: -96 | L8: -97 | M8: -78 | N8: -49 | O8: -91
B10: Model output
A11: Date | B11: 43630 | C11: 43636 | D11: 43638 | E11: 43644 | F11: 43651 | G11: 43658 | H11: 43665 | I11: 43672 | J11: 43679 | K11: 43686 | L11: 43693 | M11: 43700 | N11: 43706 | O11: 43714
A12: Day after first application | B12: day 1 | C12: day 7 | D12: day 9 | E12: day 15 | F12: day 22 | G12: day 29 | H12: day 36 | I12: day 43 | J12: day 50 | K12: day 57 | L12: day 64 | M12: day 71 | N12: day 77 | O12: day 85
A13: Effect size [%] | B13: -56.874287 | C13: -60.788676 | D13: -63.853254 | E13: -66.771846 | F13: -65.557366 | G13: -64.633689 | H13: -63.699926 | I13: -62.407708 | J13: -61.141517 | K13: -60.165592 | L13: -59.438827 | M13: -58.820744 | N13: -58.218378 | O13: -57.539244
A14: ME | B14: =ABS(B13-B8) -> 29.874287 | C14: =ABS(C13-C8) -> 35.211324 | D14: =ABS(D13-D8) -> 35.146746 | E14: =ABS(E13-E8) -> 33.228154 | F14: =ABS(F13-F8) -> 33.442634 | G14: =ABS(G13-G8) -> 33.366311 | H14: =ABS(H13-H8) -> 33.300074 | I14: =ABS(I13-I8) -> 28.592292 | ... O14: =ABS(O13-O8) -> 33.460756

Sheet Rotifera herbivorous 2
A2: Species group
A3: Sum Rotatoria (5B+) | B3: Mesocosm effect study
A4: Date | B4: 43630 | C4: 43636 | D4: 43638 | E4: 43644 | F4: 43651 | G4: 43658 | H4: 43665 | I4: 43672 | J4: 43679 | K4: 43686 | L4: 43693 | M4: 43700 | N4: 43706 | O4: 43714
A5: Day after first application | B5: day 1 | C5: day 7 | D5: day 9 | E5: day 15 | F5: day 22 | G5: day 29 | H5: day 36 | I5: day 43 | J5: day 50 | K5: day 57 | L5: day 64 | M5: day 71 | N5: day 77 | O5: day 85 | Q5: Effect: INCREASE in abundance
A6: MDD [%] | B6: 71 | C6: 73 | D6: 75 | E6: 86 | F6: 57 | G6: 54 | H6: 56 | I6: 52 | J6: 64 | K6: 67 | L6: 69 | M6: 66 | N6: 71 | O6: 63
A7: Observed effect size [%] | B7: -32 | C7: 58 | D7: 56 | E7: 119 | F7: 156 | G7: 251 | H7: 249 | I7: 317 | J7: 584 | K7: 337 | L7: 159 | M7: 167 | N7: 446 | O7: 230
B9: Model output
A10: Date | B10: 43630 | C10: 43636 | D10: 43638 | E10: 43644 | F10: 43651 | G10: 43658 | H10: 43665 | I10: 43672 | J10: 43679 | K10: 43686 | L10: 43693 | M10: 43700 | N10: 43706 | O10: 43714
A11: Day after first application | B11: day 1 | C11: day 7 | D11: day 9 | E11: day 15 | F11: day 22 | G11: day 29 | H11: day 36 | I11: day 43 | J11: day 50 | K11: day 57 | L11: day 64 | M11: day 71 | N11: day 77 | O11: day 85
A12: Simulated effect size [%] | B12: 5.0506525 | C12: 11.319649 | D12: 13.903108 | E12: 24.127693 | F12: 34.895355 | G12: 42.166457 | H12: 49.119171 | I12: 58.447304 | J12: 67.481649 | K12: 73.95847 | L12: 77.941826 | M12: 81.778061 | N12: 85.620018 | O12: 89.990301
A13: ME | B13: =ABS(B12-B7) -> 37.050653 | C13: =ABS(C12-C7) -> 46.680351 | D13: =ABS(D12-D7) -> 42.096892 | E13: =ABS(E12-E7) -> 94.872307 | F13: =ABS(F12-F7) -> 121.10464 | G13: =ABS(G12-G7) -> 208.83354 | H13: =ABS(H12-H7) -> 199.88083 | I13: =ABS(I12-I7) -> 258.5527 | ... O13: =ABS(O12-O7) -> 140.0097

Sheet Cladocera small
A2: Species group
A3: Chydorus sphaericus (3A+) | B3: Mesocosm effect study
A4: Date | B4: 43630 | C4: 43636 | D4: 43638 | E4: 43644 | F4: 43651 | G4: 43658 | H4: 43665 | I4: 43672 | J4: 43679 | K4: 43686 | L4: 43693 | M4: 43700 | N4: 43706 | O4: 43714
A5: Day after first application | B5: day 1 | C5: day 7 | D5: day 9 | E5: day 15 | F5: day 22 | G5: day 29 | H5: day 36 | I5: day 43 | J5: day 50 | K5: day 57 | L5: day 64 | M5: day 71 | N5: day 77 | O5: day 85 | Q5: Effect: INCREASE in abundance
A6: MDD [%] | B6: 56 | C6: 60 | D6: 86 | E6: 75 | F6: 67 | G6: 66 | H6: 82 | I6: 67 | J6: 62 | K6: 76 | L6: 93 | M6: 83 | N6: 78 | O6: 80
A7: Observed effect size [%] | B7: 19 | C7: 262 | D7: 220 | E7: 63 | F7: 6 | G7: 112 | H7: 87 | I7: 14 | J7: 101 | K7: -98 | L7: -72 | M7: 17 | N7: 22 | O7: -66
B9: Model output
A10: Date | B10: 43630 | C10: 43636 | D10: 43638 | E10: 43644 | F10: 43651 | G10: 43658 | H10: 43665 | I10: 43672 | J10: 43679 | K10: 43686 | L10: 43693 | M10: 43700 | N10: 43706 | O10: 43714
A11: Day after first application | B11: day 1 | C11: day 7 | D11: day 9 | E11: day 15 | F11: day 22 | G11: day 29 | H11: day 36 | I11: day 43 | J11: day 50 | K11: day 57 | L11: day 64 | M11: day 71 | N11: day 77 | O11: day 85
A12: Simulated effect size [%] | B12: 1.0382777 | C12: 2.0042509 | D12: 2.3933933 | E12: 3.9107778 | F12: 5.5725786 | G12: 6.7805059 | H12: 7.9942277 | I12: 9.7003733 | J12: 11.436588 | K12: 12.868488 | L12: 14.037717 | M12: 15.100793 | N12: 16.20157 | O12: 17.5321
A13: ME | B13: =ABS(B12-B7) -> 17.961722 | C13: =ABS(C12-C7) -> 259.99575 | D13: =ABS(D12-D7) -> 217.60661 | E13: =ABS(E12-E7) -> 59.089222 | F13: =ABS(F12-F7) -> 0.42742136 | G13: =ABS(G12-G7) -> 105.21949 | H13: =ABS(H12-H7) -> 79.005772 | I13: =ABS(I12-I7) -> 4.2996267 | ... O13: =ABS(O12-O7) -> 83.5321

Sheet Daphnidae
A2: Species group
A3: Daphnia sp. (3A) | B3: Mesocosm effect study
A4: Date | B4: 43630 | C4: 43636 | D4: 43638 | E4: 43644 | F4: 43651 | G4: 43658 | H4: 43665 | I4: 43672 | J4: 43679 | K4: 43686 | L4: 43693 | M4: 43700 | N4: 43706 | O4: 43714
A5: Day after first application | B5: day 1 | C5: day 7 | D5: day 9 | E5: day 15 | F5: day 22 | G5: day 29 | H5: day 36 | I5: day 43 | J5: day 50 | K5: day 57 | L5: day 64 | M5: day 71 | N5: day 77 | O5: day 85 | Q5: Effect: DECREASE in abundance
A6: MDD [%] | B6: 56 | C6: 75 | D6: 56 | E6: 64 | F6: 90 | G6: 78 | H6: 79 | I6: 65 | J6: 64 | K6: 78 | L6: 64 | M6: 60 | N6: 72 | O6: 65
A7: Observed effect size [%] | B7: -77 | C7: -92 | D7: -95 | E7: -95 | F7: -91 | G7: -85 | H7: -84 | I7: -10 | J7: -35 | K7: -17 | L7: 25 | M7: -2 | N7: 99 | O7: -26
B9: Model output
A10: Date | B10: 43630 | C10: 43636 | D10: 43638 | E10: 43644 | F10: 43651 | G10: 43658 | H10: 43665 | I10: 43672 | J10: 43679 | K10: 43686 | L10: 43693 | M10: 43700 | N10: 43706 | O10: 43714
A11: Day after first application | B11: day 1 | C11: day 7 | D11: day 9 | E11: day 15 | F11: day 22 | G11: day 29 | H11: day 36 | I11: day 43 | J11: day 50 | K11: day 57 | L11: day 64 | M11: day 71 | N11: day 77 | O11: day 85
A12: Simulated effect size [%] | B12: -53.117044 | C12: -57.031117 | D12: -60.164045 | E12: -63.488618 | F12: -62.855418 | G12: -62.402198 | H12: -61.946396 | I12: -61.302961 | J12: -60.644657 | K12: -60.094101 | L12: -59.636122 | M12: -59.217794 | N12: -58.783666 | O12: -58.259746
A13: ME | B13: =ABS(B12-B7) -> 23.882956 | C13: =ABS(C12-C7) -> 34.968883 | D13: =ABS(D12-D7) -> 34.835955 | E13: =ABS(E12-E7) -> 31.511382 | F13: =ABS(F12-F7) -> 28.144582 | G13: =ABS(G12-G7) -> 22.597802 | H13: =ABS(H12-H7) -> 22.053604 | I13: =ABS(I12-I7) -> 51.302961 | ... O13: =ABS(O12-O7) -> 32.259746
B61: zoom in: one of the simulations in the best run:

Sheet Final
A1: Summary of model performance relative to effect criteria
B2: False negatives | C2: False positives | D2: Avg. ME | E2: direction | F2: Definitions
A3: Diatoms | B3: 2 | C3: 0 | D3: =AVERAGE(Phytoplankton!B13:O13) -> 55.64557 | E3: increase | F3: False negatives: | G3: abs(%effectsim) < %MDD on sampling dates with treatment-related effects observed in the 2019 AZT mesocoms study (yellow cells)
A4: Cryptophytes | B4: 3 | C4: 0 | D4: =AVERAGE(Phytoplankton!B27:O27) -> 73.745512 | E4: increase | F4: False positives: | G4: abs(%effectsim) ≥ %MDD on sampling dates without treatment-related effects observed in the 2019 AZT mesocoms study (white cells)
A5: Copepoda predatory | B5: 1 | C5: 1 | D5: =AVERAGE('Rotifera herbivorous 2'!B13:O13) -> 175.37868 | E5: decrease
A6: rotifera herbivorous2 | B6: 2 | C6: 0 | D6: =AVERAGE('Rotifera herbivorous 2'!B13:O13) -> 175.37868 | E6: increase | F6: Avg. ME: | G6: Average of ME values comparing observed and simulated % effect sizes calculated for each sampling date
A7: cladocera small | B7: 2 | C7: 0 | D7: =AVERAGE('Cladocera small'!B13:O13) -> 80.093212 | E7: increase
A8: daphnidae | B8: 3 | C8: 1 | D8: =AVERAGE(Daphnidae!B13:O13) -> 46.423872 | E8: decrease
F12: overall
A13: number of criteria | B13: 32 | C13: 47 | F13: =C13+B13 -> 79 | G13: (excluding blue)
A14: score (number of criteria fulfilled) | B14: =(B13-SUM(B3:B8)) -> 19 | C14: =(C13-SUM(C3:C8)) -> 45
A15: performance | B15: =B14/B13 -> 0.59375 | C15: =C14/C13 -> 0.95744681 | F15: =SUM(B14:C14)/SUM(B13:C13) -> 0.81012658 | G15: % of the predictions were correct
A19: no effect | F19: 0.89 | G19: fulfilled

Sheet Raw data
B1: E19b330_hab1_PhDiatoms_Algae | C1: E19b330_hab1_PhCryptophytes_Algae | D1: E19b330_hab1_CopepodaPredatory_Invertebrates | E1: E19b330_hab1_RotiferaHerbivorous2_Invertebrates | F1: E19b330_hab1_CladoceraSmall_Invertebrates | G1: E19b330_hab1_Daphnidae_Invertebrates | H1: sim.b$DAT
A2: 0 | B2: 0 | C2: 0 | D2: 0 | E2: 0 | F2: 0 | G2: 0 | H2: -9
A3: 0.002739726 | B3: 0.03832409 | C3: 0.043744438 | D3: -8.565636 | E3: 0.13829168 | F3: 0.062359555 | G3: -7.7526076 | H3: -8
A4: 0.0054794521 | B4: 0.16087178 | C4: 0.17087604 | D4: -16.386536 | E4: 0.40900386 | F4: 0.15726605 | G4: -14.857379 | H4: -7
A5: 0.0082191781 | B5: 0.36222376 | C5: 0.37687001 | D5: -23.527067 | E5: 0.76091846 | F5: 0.25688086 | G5: -21.409759 | H5: -6
A6: 0.019178082 | B6: 1.8741392 | C6: 1.9088078 | D6: -46.389955 | E6: 2.8893967 | F6: 0.68968166 | G6: -42.91805 | H6: -2
A7: 0.021917808 | B7: 2.396445 | C7: 2.4355203 | D7: -50.818762 | E7: 3.5701385 | F7: 0.80448551 | G7: -47.198358 | H7: -1
A8: 0.02739726 | B8: 3.5529737 | C8: 3.6015442 | D8: -56.874287 | E8: 5.0506525 | F8: 1.0382777 | G8: -53.117044 | H8: 1
A9: 0.038356164 | B9: 6.5636686 | C9: 6.6342731 | D9: -58.607244 | E9: 8.9749437 | F9: 1.6437303 | G9: -54.821874 | H9: 5
A10: 0.04109589 | B10: 7.4201612 | C10: 7.4967451 | D10: -59.472897 | E10: 10.120533 | F10: 1.82047 | G10: -55.697211 | H10: 6
A11: 0.043835616 | B11: 8.310281 | C11: 8.392652 | D11: -60.788676 | E11: 11.319649 | F11: 2.0042509 | G11: -57.031117 | H11: 7
A12: 0.049315068 | B12: 10.213993 | C12: 10.308124 | D12: -63.853254 | E12: 13.903108 | F12: 2.3933933 | G12: -60.164045 | H12: 9
A13: 0.057534247 | B13: 13.540135 | C13: 13.653541 | D13: -66.857983 | E13: 18.505657 | F13: 3.0749601 | G13: -63.339561 | H13: 12
... A42: 0.25753425 | B42: 39.299784 | C42: 39.512883 | D42: -57.539244 | E42: 89.990301 | F42: 17.5321 | G42: -58.259746 | H42: 85
