Workbook

Sheet Info
A1: CRITERIA TO ANALYZE MODEL OUTPUTS WHEN SIMULATING EFFECTS
A3: Ecosystem modeling of mesocosm studies: Azoxystrobin effect calibration criteria
A4: Date: May 3 2022
A5: Prepared by: Chiara Accolla, Farah Abi-Akar, Amelie Schmolke
B6: The following sheets in this file provide the numerical effect criteria for relevant,treatment-related effects and templates for the reporting of the effect calibration outcomes. The following points summarize the steps for presentation of the simulated effects. Relevant, treatment-related effects that apply to consensus species groups were only observed in the highest treatment level (33 µg ai/L) applied in the 2019 AZT mesocsom study and thus, all criteria listed apply to this treatment level only. Please refer to the accompanying document "AZT_effect_criteria_June2022.docx" for details. Reporting on simulated effects in species groups without observed, treatment-related effects in the mesocosm study is not included in this template (see Section II. in the accompanying document).
B7: Instructions: In each tab, fill in the effect size percentage and ME in the rows under "Model Output" (e.g., in sheet "Phytoplankton", cells B12:O12 and B13:O13)
A9: **** | B9: 1) The effect direction needs to be captured (increase or decrease of chlorophyll-a/abundance)
A10: **** | B10: 2) The effect size, i.e., the relative difference between simulated treatment (%) and simulated control (%) (absolute value), must be at least as large as the day-specific %MDD when effects have been observed (table cells with yellow shading).
A11: **** | B11: 3) The effect size, i.e., the relative difference between simulated treatment (%) and simulated control (%) (absolute value), must be smaller than the day-specific %MDD when there are no observed effects.
A12: **** | B12: 4) If a clear recovery was identified, model should capture it (table cells with blue shading). Recovery is defined by a 20% threshold: effect size must be less than 20% in absolute value.
A13: **** | B13: 5) The Mean Error (ME), i.e., difference (absolute value) between simulated and observed % effect size is calculated for each sampling day (after first application) as indicated in the tables.
A15: **** | B15: Model results need to be discussed whenever they fail to meet the criteria.
A16: **** | B16: For the species groups with relevant, treatment-related effects, the number of false negatives (abs(%effectsim) < %MDD in yellow cells) and false positives (abs(%effectsim) ≥ %MDD in white cells) should be reported in the sheet "Final"
A18: **** | B18: Yellow cases show when relevant treatment-related effects were found in the mesocosm experiment. -> simulated effect-size >= MDD
A19: **** | B19: Blue cases show when recovery must happen in the simulation. -> simulated effect-size < 20 %
A20: **** | B20: Values in gray cells do not need to be compared to the corresponding MDD value, but effect-size values are required for the ME calculation
A21: **** | B21: White cases show when NO relevant treatment-related effects were found -> simulated effect-size < MDD
A22: **** | B22: ME: Mean Error, calculated as the absolute value of the difference between % simulated effect size and % observed effect size for each observation date.

Sheet Phytoplankton
A2: Species group
A3: Diatoms (3A) | B3: Mesocosm effect study
A4: Date | B4: 43630 | C4: 43634 | D4: 43638 | E4: 43643 | F4: 43650 | G4: 43656 | H4: 43664 | I4: 43671 | J4: 43678 | K4: 43684 | L4: 43692 | M4: 43698 | N4: 43705 | O4: 43712
A5: Day after first application | B5: day 1 | C5: day 5 | D5: day 9 | E5: day 14 | F5: day 21 | G5: day 27 | H5: day 35 | I5: day 42 | J5: day 49 | K5: day 55 | L5: day 63 | M5: day 69 | N5: day 76 | O5: day 83 | Q5: Effect: DECREASE in chlorophyll-a
A6: MDD [%] | B6: 48 | C6: 37 | D6: 32 | E6: 29 | F6: 44 | G6: 45 | H6: 47 | I6: 47 | J6: 49 | K6: 50 | L6: 57 | M6: 55 | N6: 53 | O6: 56
A7: Observed effect size [%] | B7: 91 | C7: -3 | D7: 31 | E7: 7 | F7: 99 | G7: 94 | H7: -4 | I7: -38 | J7: -32 | K7: -39 | L7: -60 | M7: -2 | N7: -45 | O7: -24
B9: Model output
A10: Date | B10: 43630 | C10: 43634 | D10: 43638 | E10: 43643 | F10: 43650 | G10: 43656 | H10: 43664 | I10: 43671 | J10: 43678 | K10: 43684 | L10: 43692 | M10: 43698 | N10: 43705 | O10: 43712 | Q10: Effect: INCREASE in chlorophyll-a
A11: Day after first application | B11: day 1 | C11: day 5 | D11: day 9 | E11: day 14 | F11: day 21 | G11: day 27 | H11: day 35 | I11: day 42 | J11: day 49 | K11: day 55 | L11: day 63 | M11: day 69 | N11: day 76 | O11: day 83 | P11: FN | Q11: FP
A12: Simulated effect size [%] | B12: -23.2 | C12: -10.2 | D12: -8.05 | E12: -42.5 | F12: 3.03 | G12: 33 | H12: 19.4 | I12: -4.5 | J12: 22.5 | K12: -3.57 | L12: 63.3 | M12: 121 | N12: 20.4 | O12: 41.5 | P12: 1 | Q12: 1
A13: ME | B13: =ABS(B12-B7) -> 114.2 | C13: =ABS(C12-C7) -> 7.2 | D13: =ABS(D12-D7) -> 39.05 | E13: =ABS(E12-E7) -> 49.5 | F13: =ABS(F12-F7) -> 95.97 | G13: =ABS(G12-G7) -> 61 | H13: =ABS(H12-H7) -> 23.4 | I13: =ABS(I12-I7) -> 33.5 | ... O13: =ABS(O12-O7) -> 65.5
A17: Cryptophytes (3A) | B17: Mesocosm effect study
A18: Date | B18: 43630 | C18: 43634 | D18: 43638 | E18: 43643 | F18: 43650 | G18: 43656 | H18: 43664 | I18: 43671 | J18: 43678 | K18: 43684 | L18: 43692 | M18: 43698 | N18: 43705 | O18: 43712
A19: Day after first application | B19: day 1 | C19: day 5 | D19: day 9 | E19: day 14 | F19: day 21 | G19: day 27 | H19: day 35 | I19: day 42 | J19: day 49 | K19: day 55 | L19: day 63 | M19: day 69 | N19: day 76 | O19: day 83 | Q19: Effect: DECREASE in chlorophyll-a
A20: MDD [%] | B20: 48 | C20: 41 | D20: 48 | E20: 71 | F20: 92 | G20: 66 | H20: 73 | I20: 47 | J20: 85 | K20: 44 | L20: 85 | M20: 81 | N20: 86 | O20: 44
A21: Observed effect size [%] | B21: 126 | C21: -26 | D21: -17 | E21: -74 | F21: 2 | G21: 31 | H21: 66 | I21: -80 | J21: -69 | K21: -62 | L21: -71 | M21: -36 | N21: -74 | O21: -36
B23: Model output
A24: Date | B24: 43630 | C24: 43634 | D24: 43638 | E24: 43643 | F24: 43650 | G24: 43656 | H24: 43664 | I24: 43671 | J24: 43678 | K24: 43684 | L24: 43692 | M24: 43698 | N24: 43705 | O24: 43712 | Q24: Effect: INCREASE in chlorophyll-a
A25: Day after first application | B25: day 1 | C25: day 5 | D25: day 9 | E25: day 14 | F25: day 21 | G25: day 27 | H25: day 35 | I25: day 42 | J25: day 49 | K25: day 55 | L25: day 63 | M25: day 69 | N25: day 76 | O25: day 83 | P25: FN | Q25: FP
A26: Simulated effect size [%] | B26: 11.4 | C26: 131 | D26: 298 | E26: 39.4 | F26: 156 | G26: 185 | H26: 44.4 | I26: 8.15 | J26: 34.6 | K26: 3.26 | L26: 61.9 | M26: 90.6 | N26: 12 | O26: 37.8 | P26: 3 | Q26: 5
A27: ME | B27: =ABS(B26-B21) -> 114.6 | C27: =ABS(C26-C21) -> 157 | D27: =ABS(D26-D21) -> 315 | E27: =ABS(E26-E21) -> 113.4 | F27: =ABS(F26-F21) -> 154 | G27: =ABS(G26-G21) -> 154 | H27: =ABS(H26-H21) -> 21.6 | I27: =ABS(I26-I21) -> 88.15 | ... O27: =ABS(O26-O21) -> 73.8

Sheet Copepoda predatory
A1: **** NOTE | B1: You have to fill this table (and the table in the next sheet) only if you explicitly represented Nauplii
A4: Species group
A5: Copepodit + adults (5B) | B5: Mesocosm effect study
A6: Date | B6: 43630 | C6: 43636 | D6: 43638 | E6: 43644 | F6: 43651 | G6: 43658 | H6: 43665 | I6: 43672 | J6: 43679 | K6: 43686 | L6: 43693 | M6: 43700 | N6: 43706 | O6: 43714
A7: Day after first application | B7: day 1 | C7: day 7 | D7: day 9 | E7: day 15 | F7: day 22 | G7: day 29 | H7: day 36 | I7: day 43 | J7: day 50 | K7: day 57 | L7: day 64 | M7: day 71 | N7: day 77 | O7: day 85 | Q7: Effect: DECREASE in abundance
A8: MDD [%] | B8: 51 | C8: 40 | D8: 51 | E8: 60 | F8: 46 | G8: 38 | H8: 53 | I8: 53 | J8: 51 | K8: 47 | L8: 34 | M8: 56 | N8: 45 | O8: 59
A9: Observed effect size [%] | B9: 38 | C9: -64 | D9: -86 | E9: -97 | F9: -66 | G9: -63 | H9: -80 | I9: -81 | J9: -80 | K9: -73 | L9: -72 | M9: 4 | N9: -36 | O9: 2
B11: Model output
A12: Date | B12: 43630 | C12: 43636 | D12: 43638 | E12: 43644 | F12: 43651 | G12: 43658 | H12: 43665 | I12: 43672 | J12: 43679 | K12: 43686 | L12: 43693 | M12: 43700 | N12: 43706 | O12: 43714
A13: Day after first application | B13: day 1 | C13: day 7 | D13: day 9 | E13: day 15 | F13: day 22 | G13: day 29 | H13: day 36 | I13: day 43 | J13: day 50 | K13: day 57 | L13: day 64 | M13: day 71 | N13: day 77 | O13: day 85
A14: Simulated effect size [%] | B14: -53.5 | C14: -81.9 | D14: -75.1 | E14: -68.1 | F14: -66.3 | G14: -27.3 | H14: -55 | I14: -63.3 | J14: -72.6 | K14: -75 | L14: -81.5 | M14: -83 | N14: -74 | O14: -4.3 | Q14: Effect: DECREASE in abundance
A15: ME | B15: =ABS(B14-B9) -> 91.5 | C15: =ABS(C14-C9) -> 17.9 | D15: =ABS(D14-D9) -> 10.9 | E15: =ABS(E14-E9) -> 28.9 | F15: =ABS(F14-F9) -> 0.3 | G15: =ABS(G14-G9) -> 35.7 | H15: =ABS(H14-H9) -> 25 | I15: =ABS(I14-I9) -> 17.7 | ... O15: =ABS(O14-O9) -> 6.3 | Q15: FN | R15: FP
Q16: 1 | R16: 3

Sheet Rotifera herbivorous 2
A2: Species group
A3: Sum Rotatoria (5B+) | B3: Mesocosm effect study
A4: Date | B4: 43630 | C4: 43636 | D4: 43638 | E4: 43644 | F4: 43651 | G4: 43658 | H4: 43665 | I4: 43672 | J4: 43679 | K4: 43686 | L4: 43693 | M4: 43700 | N4: 43706 | O4: 43714
A5: Day after first application | B5: day 1 | C5: day 7 | D5: day 9 | E5: day 15 | F5: day 22 | G5: day 29 | H5: day 36 | I5: day 43 | J5: day 50 | K5: day 57 | L5: day 64 | M5: day 71 | N5: day 77 | O5: day 85 | Q5: Effect: INCREASE in abundance
A6: MDD [%] | B6: 71 | C6: 73 | D6: 75 | E6: 86 | F6: 57 | G6: 54 | H6: 56 | I6: 52 | J6: 64 | K6: 67 | L6: 69 | M6: 66 | N6: 71 | O6: 63
A7: Observed effect size [%] | B7: -32 | C7: 58 | D7: 56 | E7: 119 | F7: 156 | G7: 251 | H7: 249 | I7: 317 | J7: 584 | K7: 337 | L7: 159 | M7: 167 | N7: 446 | O7: 230
B9: Model output
A10: Date | B10: 43630 | C10: 43636 | D10: 43638 | E10: 43644 | F10: 43651 | G10: 43658 | H10: 43665 | I10: 43672 | J10: 43679 | K10: 43686 | L10: 43693 | M10: 43700 | N10: 43706 | O10: 43714
A11: Day after first application | B11: day 1 | C11: day 7 | D11: day 9 | E11: day 15 | F11: day 22 | G11: day 29 | H11: day 36 | I11: day 43 | J11: day 50 | K11: day 57 | L11: day 64 | M11: day 71 | N11: day 77 | O11: day 85
A12: Simulated effect size [%] | B12: 4.85 | C12: -11 | D12: 0.164 | E12: 7.89 | F12: 34.3 | G12: 81.7 | H12: 41.1 | I12: 179 | J12: 71.1 | K12: 109 | L12: 11.2 | M12: 60.4 | N12: 44 | O12: 39.8 | Q12: Effect: INCREASE in abundance
A13: ME | B13: =ABS(B12-B7) -> 36.85 | C13: =ABS(C12-C7) -> 69 | D13: =ABS(D12-D7) -> 55.836 | E13: =ABS(E12-E7) -> 111.11 | F13: =ABS(F12-F7) -> 121.7 | G13: =ABS(G12-G7) -> 169.3 | H13: =ABS(H12-H7) -> 207.9 | I13: =ABS(I12-I7) -> 138 | ... O13: =ABS(O12-O7) -> 190.2 | Q13: FN | R13: FP
Q14: 5 | R14: 0

Sheet Cladocera small
A2: Species group
A3: Chydorus sphaericus (3A+) | B3: Mesocosm effect study
A4: Date | B4: 43630 | C4: 43636 | D4: 43638 | E4: 43644 | F4: 43651 | G4: 43658 | H4: 43665 | I4: 43672 | J4: 43679 | K4: 43686 | L4: 43693 | M4: 43700 | N4: 43706 | O4: 43714
A5: Day after first application | B5: day 1 | C5: day 7 | D5: day 9 | E5: day 15 | F5: day 22 | G5: day 29 | H5: day 36 | I5: day 43 | J5: day 50 | K5: day 57 | L5: day 64 | M5: day 71 | N5: day 77 | O5: day 85 | Q5: Effect: INCREASE in abundance
A6: MDD [%] | B6: 56 | C6: 60 | D6: 86 | E6: 75 | F6: 67 | G6: 66 | H6: 82 | I6: 67 | J6: 62 | K6: 76 | L6: 93 | M6: 83 | N6: 78 | O6: 80
A7: Observed effect size [%] | B7: 19 | C7: 262 | D7: 220 | E7: 63 | F7: 6 | G7: 112 | H7: 87 | I7: 14 | J7: 101 | K7: -98 | L7: -72 | M7: 17 | N7: 22 | O7: -66
B9: Model output
A10: Date | B10: 43630 | C10: 43636 | D10: 43638 | E10: 43644 | F10: 43651 | G10: 43658 | H10: 43665 | I10: 43672 | J10: 43679 | K10: 43686 | L10: 43693 | M10: 43700 | N10: 43706 | O10: 43714
A11: Day after first application | B11: day 1 | C11: day 7 | D11: day 9 | E11: day 15 | F11: day 22 | G11: day 29 | H11: day 36 | I11: day 43 | J11: day 50 | K11: day 57 | L11: day 64 | M11: day 71 | N11: day 77 | O11: day 85
A12: Simulated effect size [%] | B12: -1.23 | C12: -4.38 | D12: -5.94 | E12: -7.25 | F12: -2.67 | G12: -0.377 | H12: 2.91 | I12: 6.45 | J12: 9.42 | K12: 13.1 | L12: 17.3 | M12: 15.3 | N12: 17.1 | O12: 22.1 | Q12: Effect: DECREASE in abundance
A13: ME | B13: =ABS(B12-B7) -> 20.23 | C13: =ABS(C12-C7) -> 266.38 | D13: =ABS(D12-D7) -> 225.94 | E13: =ABS(E12-E7) -> 70.25 | F13: =ABS(F12-F7) -> 8.67 | G13: =ABS(G12-G7) -> 112.377 | H13: =ABS(H12-H7) -> 84.09 | I13: =ABS(I12-I7) -> 7.55 | ... O13: =ABS(O12-O7) -> 88.1 | Q13: FN | R13: FP
Q14: 2 | R14: 0

Sheet Daphnidae
A2: Species group
A3: Daphnia sp. (3A) | B3: Mesocosm effect study
A4: Date | B4: 43630 | C4: 43636 | D4: 43638 | E4: 43644 | F4: 43651 | G4: 43658 | H4: 43665 | I4: 43672 | J4: 43679 | K4: 43686 | L4: 43693 | M4: 43700 | N4: 43706 | O4: 43714
A5: Day after first application | B5: day 1 | C5: day 7 | D5: day 9 | E5: day 15 | F5: day 22 | G5: day 29 | H5: day 36 | I5: day 43 | J5: day 50 | K5: day 57 | L5: day 64 | M5: day 71 | N5: day 77 | O5: day 85 | Q5: Effect: DECREASE in abundance
A6: MDD [%] | B6: 56 | C6: 75 | D6: 56 | E6: 64 | F6: 90 | G6: 78 | H6: 79 | I6: 65 | J6: 64 | K6: 78 | L6: 64 | M6: 60 | N6: 72 | O6: 65
A7: Observed effect size [%] | B7: -77 | C7: -92 | D7: -95 | E7: -95 | F7: -91 | G7: -85 | H7: -84 | I7: -10 | J7: -35 | K7: -17 | L7: 25 | M7: -2 | N7: 99 | O7: -26
B9: Model output
A10: Date | B10: 43630 | C10: 43636 | D10: 43638 | E10: 43644 | F10: 43651 | G10: 43658 | H10: 43665 | I10: 43672 | J10: 43679 | K10: 43686 | L10: 43693 | M10: 43700 | N10: 43706 | O10: 43714
A11: Day after first application | B11: day 1 | C11: day 7 | D11: day 9 | E11: day 15 | F11: day 22 | G11: day 29 | H11: day 36 | I11: day 43 | J11: day 50 | K11: day 57 | L11: day 64 | M11: day 71 | N11: day 77 | O11: day 85
A12: Simulated effect size [%] | B12: -41.8 | C12: -57 | D12: -58.8 | E12: -55.1 | F12: -47.4 | G12: -22.4 | H12: -2.38 | I12: 7.12 | J12: 9.94 | K12: 6.98 | L12: -2.34 | M12: 12 | N12: 11.8 | O12: 1.99 | Q12: Effect: DECREASE in abundance
A13: ME | B13: =ABS(B12-B7) -> 35.2 | C13: =ABS(C12-C7) -> 35 | D13: =ABS(D12-D7) -> 36.2 | E13: =ABS(E12-E7) -> 39.9 | F13: =ABS(F12-F7) -> 43.6 | G13: =ABS(G12-G7) -> 62.6 | H13: =ABS(H12-H7) -> 81.62 | I13: =ABS(I12-I7) -> 17.12 | ... O13: =ABS(O12-O7) -> 27.99 | Q13: FN | R13: FP
Q14: 3 | R14: 0

Sheet Final
A1: Summary of model performance relative to effect criteria
B2: False negatives | C2: False positives | D2: Avg. ME | F2: Definitions
A3: Phytoplankton- Diatoms | B3: =Phytoplankton!P12 -> 1 | C3: =Phytoplankton!Q12 -> 1 | D3: =AVERAGE(Phytoplankton!B13:O13) -> 63.639286 | F3: False negatives: | G3: abs(%effectsim) < %MDD on sampling dates with treatment-related effects observed in the 2019 AZT mesocoms study (yellow cells)
A4: Phytoplankton- Cryptophytes | B4: =Phytoplankton!P26 -> 3 | C4: =Phytoplankton!Q26 -> 5 | D4: =AVERAGE(Phytoplankton!B27:O27) -> 121.85071 | F4: False positives: | G4: abs(%effectsim) ≥ %MDD on sampling dates without treatment-related effects observed in the 2019 AZT mesocoms study (white cells)
A5: Copepoda predatory | B5: ='Copepoda predatory'!Q16 -> 1 | C5: ='Copepoda predatory'!R16 -> 3 | D5: =AVERAGE('Copepoda predatory'!B15:O15) -> 27.007143
A6: Rotifera herbivorous 2 | B6: ='Rotifera herbivorous 2'!Q14 -> 5 | C6: ='Rotifera herbivorous 2'!R14 -> 0 | D6: =AVERAGE('Rotifera herbivorous 2'!B13:O13) -> 178.37114 | F6: Avg. ME: | G6: Average of ME values comparing observed and simulated % effect sizes calculated for each sampling date
A7: Cladocera small | B7: ='Cladocera small'!Q14 -> 2 | C7: ='Cladocera small'!R14 -> 0 | D7: =AVERAGE('Cladocera small'!B13:O13) -> 84.4405
A8: Daphnidae | B8: =Daphnidae!Q14 -> 3 | C8: =Daphnidae!R14 -> 0 | D8: =AVERAGE(Daphnidae!B13:O13) -> 41.192143
