Workbook

Sheet Info
A1: CRITERIA TO ANALYZE MODEL OUTPUTS WHEN SIMULATING EFFECTS
A3: Ecosystem modeling of mesocosm studies: Azoxystrobin effect validation criteria - 3-peak scenario
A4: Date: March 2 2023
A5: Prepared by: Chiara Accolla, Amelie Schmolke
B6: The following sheets in this file provide the templates for reporting the effect-VALIDATION outcomes at relevant sampling dates. All dates listed apply to the highest treatment level (33 µg ai/L) applied in the 2021 AZT mesocosm study. Reporting on simulated effects in species groups without observed, treatment-related effects in the mesocosm study is not included in this template.
B7: Instructions: In each tab, fill in the simulated percentage effect size.
A10: **** | B10: Graphical instructions: you will have to prepare the same graphs you did for the effect-calibration simuatiations. For each species group, you will plot:
B11: 1. the biomass/abundance/chl-a resulting from the simulated control and treatment
B12: 2. the % simulated effect size (this time WITHOUT the MDD grey area).

Sheet Phytoplankton
A2: Species group
A3: Diatoms | B3: Model output for the 3-peak study
A4: Date | B4: 44368 | C4: 44372 | D4: 44377 | E4: 44382 | F4: 44391 | G4: 44398 | H4: 44405 | I4: 44412 | J4: 44419 | K4: 44426 | L4: 44433 | M4: 44440 | N4: 44447
A5: Day after first application | B5: day 5 | C5: day 9 | D5: day 14 | E5: day 19 | F5: day 28 | G5: day 35 | H5: day 42 | I5: day 49 | J5: day 56 | K5: day 63 | L5: day 70 | M5: day 77 | N5: day 84
A6: Simulated effect size [%] | B6: =INDEX(raw_data_effect!$1:$1048576,MATCH(B$5,raw_data_effect!$I:$I,0),MATCH($A$3,raw_data_effect!$1:$1,0)) -> -0.4311155 | C6: =INDEX(raw_data_effect!$1:$1048576,MATCH(C$5,raw_data_effect!$I:$I,0),MATCH($A$3,raw_data_effect!$1:$1,0)) -> -0.59154886 | D6: =INDEX(raw_data_effect!$1:$1048576,MATCH(D$5,raw_data_effect!$I:$I,0),MATCH($A$3,raw_data_effect!$1:$1,0)) -> 0.0048772558 | E6: =INDEX(raw_data_effect!$1:$1048576,MATCH(E$5,raw_data_effect!$I:$I,0),MATCH($A$3,raw_data_effect!$1:$1,0)) -> 0.41128595 | F6: =INDEX(raw_data_effect!$1:$1048576,MATCH(F$5,raw_data_effect!$I:$I,0),MATCH($A$3,raw_data_effect!$1:$1,0)) -> 0.50535138 | G6: =INDEX(raw_data_effect!$1:$1048576,MATCH(G$5,raw_data_effect!$I:$I,0),MATCH($A$3,raw_data_effect!$1:$1,0)) -> -0.14607969 | H6: =INDEX(raw_data_effect!$1:$1048576,MATCH(H$5,raw_data_effect!$I:$I,0),MATCH($A$3,raw_data_effect!$1:$1,0)) -> -1.369997 | I6: =INDEX(raw_data_effect!$1:$1048576,MATCH(I$5,raw_data_effect!$I:$I,0),MATCH($A$3,raw_data_effect!$1:$1,0)) -> -2.5772948 | ... N6: =INDEX(raw_data_effect!$1:$1048576,MATCH(N$5,raw_data_effect!$I:$I,0),MATCH($A$3,raw_data_effect!$1:$1,0)) -> -8.4140846
P9: Note: sampling dates for phytoplankton differ with respect to the other species groups
A10: Species group
A11: Cryptophytes | B11: Model output for the 3-peak study
A12: Date | B12: 44368 | C12: 44372 | D12: 44377 | E12: 44382 | F12: 44391 | G12: 44398 | H12: 44405 | I12: 44412 | J12: 44419 | K12: 44426 | L12: 44433 | M12: 44440 | N12: 44447
A13: Day after first application | B13: day 5 | C13: day 9 | D13: day 14 | E13: day 19 | F13: day 28 | G13: day 35 | H13: day 42 | I13: day 49 | J13: day 56 | K13: day 63 | L13: day 70 | M13: day 77 | N13: day 84
A14: Simulated effect size [%] | B14: =INDEX(raw_data_effect!$1:$1048576,MATCH(B$13,raw_data_effect!$I:$I,0),MATCH($A$11,raw_data_effect!$1:$1,0)) -> -0.41034794 | C14: =INDEX(raw_data_effect!$1:$1048576,MATCH(C$13,raw_data_effect!$I:$I,0),MATCH($A$11,raw_data_effect!$1:$1,0)) -> -0.56892876 | D14: =INDEX(raw_data_effect!$1:$1048576,MATCH(D$13,raw_data_effect!$I:$I,0),MATCH($A$11,raw_data_effect!$1:$1,0)) -> 0.029314183 | E14: =INDEX(raw_data_effect!$1:$1048576,MATCH(E$13,raw_data_effect!$I:$I,0),MATCH($A$11,raw_data_effect!$1:$1,0)) -> 0.43727187 | F14: =INDEX(raw_data_effect!$1:$1048576,MATCH(F$13,raw_data_effect!$I:$I,0),MATCH($A$11,raw_data_effect!$1:$1,0)) -> 0.5322823 | G14: =INDEX(raw_data_effect!$1:$1048576,MATCH(G$13,raw_data_effect!$I:$I,0),MATCH($A$11,raw_data_effect!$1:$1,0)) -> -0.11910972 | H14: =INDEX(raw_data_effect!$1:$1048576,MATCH(H$13,raw_data_effect!$I:$I,0),MATCH($A$11,raw_data_effect!$1:$1,0)) -> -1.3431268 | I14: =INDEX(raw_data_effect!$1:$1048576,MATCH(I$13,raw_data_effect!$I:$I,0),MATCH($A$11,raw_data_effect!$1:$1,0)) -> -2.5505842 | ... N14: =INDEX(raw_data_effect!$1:$1048576,MATCH(N$13,raw_data_effect!$I:$I,0),MATCH($A$11,raw_data_effect!$1:$1,0)) -> -8.3889555

Sheet Copepoda predatory
A1: **** NOTE | B1: You have to fill this table (and the table in the next sheet) only if you explicitly represented Nauplii
A3: Species group
A4: Copepodit + adults | B4: Model output for the 3-peak study
A5: Date | B5: 44368 | C5: 44372 | D5: 44375 | E5: 44382 | F5: 44389 | G5: 44396 | H5: 44403 | I5: 44410 | J5: 44417 | K5: 44424 | L5: 44431 | M5: 44438 | N5: 44445
A6: Day after first application | B6: day 5 | C6: day 9 | D6: day 12 | E6: day 19 | F6: day 26 | G6: day 33 | H6: day 40 | I6: day 47 | J6: day 54 | K6: day 61 | L6: day 68 | M6: day 75 | N6: day 82
A7: Simulated effect size [%] | Q7: Note: different dates w/r to phyto

Sheet Nauplia
A1: **** NOTE | B1: You have to fill this table (and the table in the previous sheet) only if you explicitly represented Nauplii
A3: Species group
A4: Nauplii | B4: Model output for the 3-peak study
A5: Date | B5: 44368 | C5: 44372 | D5: 44375 | E5: 44382 | F5: 44389 | G5: 44396 | H5: 44403 | I5: 44410 | J5: 44417 | K5: 44424 | L5: 44431 | M5: 44438 | N5: 44445
A6: Day after first application | B6: day 5 | C6: day 9 | D6: day 12 | E6: day 19 | F6: day 26 | G6: day 33 | H6: day 40 | I6: day 47 | J6: day 54 | K6: day 61 | L6: day 68 | M6: day 75 | N6: day 82
A7: Simulated effect size [%] | Q7: Note: different dates w/r to phyto

Sheet Copepoda predatory - ALL
A1: **** NOTE | B1: You have to fill this table only if you DID NOT explicitly represented Nauplii
A3: Species group
A4: Sum Copepoda | B4: Model output for the 3-peak study
A5: Date | B5: 44368 | C5: 44372 | D5: 44375 | E5: 44382 | F5: 44389 | G5: 44396 | H5: 44403 | I5: 44410 | J5: 44417 | K5: 44424 | L5: 44431 | M5: 44438 | N5: 44445
A6: Day after first application | B6: day 5 | C6: day 9 | D6: day 12 | E6: day 19 | F6: day 26 | G6: day 33 | H6: day 40 | I6: day 47 | J6: day 54 | K6: day 61 | L6: day 68 | M6: day 75 | N6: day 82
A7: Effect size [%] | B7: =INDEX(raw_data_effect!$1:$1048576,MATCH(B$6,raw_data_effect!$I:$I,0),MATCH($A$4,raw_data_effect!$1:$1,0)) -> 0.46767671 | C7: =INDEX(raw_data_effect!$1:$1048576,MATCH(C$6,raw_data_effect!$I:$I,0),MATCH($A$4,raw_data_effect!$1:$1,0)) -> -3.1391404 | D7: =INDEX(raw_data_effect!$1:$1048576,MATCH(D$6,raw_data_effect!$I:$I,0),MATCH($A$4,raw_data_effect!$1:$1,0)) -> -2.8718432 | E7: =INDEX(raw_data_effect!$1:$1048576,MATCH(E$6,raw_data_effect!$I:$I,0),MATCH($A$4,raw_data_effect!$1:$1,0)) -> -2.011674 | F7: =INDEX(raw_data_effect!$1:$1048576,MATCH(F$6,raw_data_effect!$I:$I,0),MATCH($A$4,raw_data_effect!$1:$1,0)) -> -1.2314858 | G7: =INDEX(raw_data_effect!$1:$1048576,MATCH(G$6,raw_data_effect!$I:$I,0),MATCH($A$4,raw_data_effect!$1:$1,0)) -> -0.54430797 | H7: =INDEX(raw_data_effect!$1:$1048576,MATCH(H$6,raw_data_effect!$I:$I,0),MATCH($A$4,raw_data_effect!$1:$1,0)) -> -0.01669032 | I7: =INDEX(raw_data_effect!$1:$1048576,MATCH(I$6,raw_data_effect!$I:$I,0),MATCH($A$4,raw_data_effect!$1:$1,0)) -> 0.29727513 | ... N7: =INDEX(raw_data_effect!$1:$1048576,MATCH(N$6,raw_data_effect!$I:$I,0),MATCH($A$4,raw_data_effect!$1:$1,0)) -> 0.89525059 | Q7: Note: different dates w/r to phyto

Sheet Rotifera herbivorous 2
A2: Species group
A3: Sum Rotatoria | B3: Model output for the 3-peak study
A4: Date | B4: 44368 | C4: 44372 | D4: 44375 | E4: 44382 | F4: 44389 | G4: 44396 | H4: 44403 | I4: 44410 | J4: 44417 | K4: 44424 | L4: 44431 | M4: 44438 | N4: 44445
A5: Day after first application | B5: day 5 | C5: day 9 | D5: day 12 | E5: day 19 | F5: day 26 | G5: day 33 | H5: day 40 | I5: day 47 | J5: day 54 | K5: day 61 | L5: day 68 | M5: day 75 | N5: day 82
A6: Simulated effect size [%] | B6: =INDEX(raw_data_effect!$1:$1048576,MATCH(B$5,raw_data_effect!$I:$I,0),MATCH($A$3,raw_data_effect!$1:$1,0)) -> 4.8310828 | C6: =INDEX(raw_data_effect!$1:$1048576,MATCH(C$5,raw_data_effect!$I:$I,0),MATCH($A$3,raw_data_effect!$1:$1,0)) -> 6.5387981 | D6: =INDEX(raw_data_effect!$1:$1048576,MATCH(D$5,raw_data_effect!$I:$I,0),MATCH($A$3,raw_data_effect!$1:$1,0)) -> 8.4030628 | E6: =INDEX(raw_data_effect!$1:$1048576,MATCH(E$5,raw_data_effect!$I:$I,0),MATCH($A$3,raw_data_effect!$1:$1,0)) -> 12.741092 | F6: =INDEX(raw_data_effect!$1:$1048576,MATCH(F$5,raw_data_effect!$I:$I,0),MATCH($A$3,raw_data_effect!$1:$1,0)) -> 16.72206 | G6: =INDEX(raw_data_effect!$1:$1048576,MATCH(G$5,raw_data_effect!$I:$I,0),MATCH($A$3,raw_data_effect!$1:$1,0)) -> 20.749387 | H6: =INDEX(raw_data_effect!$1:$1048576,MATCH(H$5,raw_data_effect!$I:$I,0),MATCH($A$3,raw_data_effect!$1:$1,0)) -> 24.798474 | I6: =INDEX(raw_data_effect!$1:$1048576,MATCH(I$5,raw_data_effect!$I:$I,0),MATCH($A$3,raw_data_effect!$1:$1,0)) -> 28.1671 | ... N6: =INDEX(raw_data_effect!$1:$1048576,MATCH(N$5,raw_data_effect!$I:$I,0),MATCH($A$3,raw_data_effect!$1:$1,0)) -> 41.704654 | Q6: Note: different dates w/r to phyto

Sheet Cladocera_small
A3: Species group
A4: Cladocera_small | B4: Model output for the 3-peak study
A5: Date | B5: 44368 | C5: 44372 | D5: 44375 | E5: 44382 | F5: 44389 | G5: 44396 | H5: 44403 | I5: 44410 | J5: 44417 | K5: 44424 | L5: 44431 | M5: 44438 | N5: 44445
A6: Day after first application | B6: day 5 | C6: day 9 | D6: day 12 | E6: day 19 | F6: day 26 | G6: day 33 | H6: day 40 | I6: day 47 | J6: day 54 | K6: day 61 | L6: day 68 | M6: day 75 | N6: day 82
A7: Simulated effect size [%] | B7: =INDEX(raw_data_effect!$1:$1048576,MATCH(B$6,raw_data_effect!$I:$I,0),MATCH($A$4,raw_data_effect!$1:$1,0)) -> 3.8361605 | C7: =INDEX(raw_data_effect!$1:$1048576,MATCH(C$6,raw_data_effect!$I:$I,0),MATCH($A$4,raw_data_effect!$1:$1,0)) -> 5.0508677 | D7: =INDEX(raw_data_effect!$1:$1048576,MATCH(D$6,raw_data_effect!$I:$I,0),MATCH($A$4,raw_data_effect!$1:$1,0)) -> 5.9768424 | E7: =INDEX(raw_data_effect!$1:$1048576,MATCH(E$6,raw_data_effect!$I:$I,0),MATCH($A$4,raw_data_effect!$1:$1,0)) -> 8.1599053 | F7: =INDEX(raw_data_effect!$1:$1048576,MATCH(F$6,raw_data_effect!$I:$I,0),MATCH($A$4,raw_data_effect!$1:$1,0)) -> 10.371652 | G7: =INDEX(raw_data_effect!$1:$1048576,MATCH(G$6,raw_data_effect!$I:$I,0),MATCH($A$4,raw_data_effect!$1:$1,0)) -> 12.956944 | H7: =INDEX(raw_data_effect!$1:$1048576,MATCH(H$6,raw_data_effect!$I:$I,0),MATCH($A$4,raw_data_effect!$1:$1,0)) -> 15.937079 | I7: =INDEX(raw_data_effect!$1:$1048576,MATCH(I$6,raw_data_effect!$I:$I,0),MATCH($A$4,raw_data_effect!$1:$1,0)) -> 18.641247 | ... N7: =INDEX(raw_data_effect!$1:$1048576,MATCH(N$6,raw_data_effect!$I:$I,0),MATCH($A$4,raw_data_effect!$1:$1,0)) -> 30.2268 | Q7: Note: different dates w/r to phyto

Sheet Daphnidae
A2: Species group
A3: Daphnia | B3: Model output for the 3-peak study
A4: Date | B4: 44368 | C4: 44372 | D4: 44375 | E4: 44382 | F4: 44389 | G4: 44396 | H4: 44403 | I4: 44410 | J4: 44417 | K4: 44424 | L4: 44431 | M4: 44438 | N4: 44445
A5: Day after first application | B5: day 5 | C5: day 9 | D5: day 12 | E5: day 19 | F5: day 26 | G5: day 33 | H5: day 40 | I5: day 47 | J5: day 54 | K5: day 61 | L5: day 68 | M5: day 75 | N5: day 82
A6: Simulated effect size [%] | B6: =INDEX(raw_data_effect!$1:$1048576,MATCH(B$5,raw_data_effect!$I:$I,0),MATCH($A$3,raw_data_effect!$1:$1,0)) -> 4.5336746 | C6: =INDEX(raw_data_effect!$1:$1048576,MATCH(C$5,raw_data_effect!$I:$I,0),MATCH($A$3,raw_data_effect!$1:$1,0)) -> 2.1835031 | D6: =INDEX(raw_data_effect!$1:$1048576,MATCH(D$5,raw_data_effect!$I:$I,0),MATCH($A$3,raw_data_effect!$1:$1,0)) -> 3.1505594 | E6: =INDEX(raw_data_effect!$1:$1048576,MATCH(E$5,raw_data_effect!$I:$I,0),MATCH($A$3,raw_data_effect!$1:$1,0)) -> 5.5659427 | F6: =INDEX(raw_data_effect!$1:$1048576,MATCH(F$5,raw_data_effect!$I:$I,0),MATCH($A$3,raw_data_effect!$1:$1,0)) -> 7.9920091 | G6: =INDEX(raw_data_effect!$1:$1048576,MATCH(G$5,raw_data_effect!$I:$I,0),MATCH($A$3,raw_data_effect!$1:$1,0)) -> 10.82613 | H6: =INDEX(raw_data_effect!$1:$1048576,MATCH(H$5,raw_data_effect!$I:$I,0),MATCH($A$3,raw_data_effect!$1:$1,0)) -> 14.09785 | I6: =INDEX(raw_data_effect!$1:$1048576,MATCH(I$5,raw_data_effect!$I:$I,0),MATCH($A$3,raw_data_effect!$1:$1,0)) -> 17.070192 | ... N6: =INDEX(raw_data_effect!$1:$1048576,MATCH(N$5,raw_data_effect!$I:$I,0),MATCH($A$3,raw_data_effect!$1:$1,0)) -> 29.819235 | Q6: Note: different dates w/r to phyto

Sheet raw_data_effect
B1: Diatoms | C1: Cryptophytes | D1: Sum Copepoda | E1: Sum Rotatoria | F1: Cladocera_small | G1: Daphnia
B2: E213p33_hab1_PhDiatoms_Algae | C2: E213p33_hab1_PhCryptophytes_Algae | D2: E213p33_hab1_CopepodaPredatory_Invertebrates | E2: E213p33_hab1_RotiferaHerbivorous2_Invertebrates | F2: E213p33_hab1_CladoceraSmall_Invertebrates | G2: E213p33_hab1_Daphnidae_Invertebrates | H2: sim.b$DAT | I2: DAT 1 =17.06.2021
A3: 1 | B3: 0 | C3: 0 | D3: 0 | E3: 0 | F3: 0 | G3: 0 | H3: -9 | I3: ="day "&H3 -> day -9
A4: 2 | B4: -0.0030811771 | C4: -0.0011716336 | D4: -0.00067472114 | E4: 0.18300057 | F4: 0.15445796 | G4: 0.18116641 | H4: -8 | I4: ="day "&H4 -> day -8
A5: 3 | B5: -0.010533812 | C5: -0.0065415791 | D5: 0.0018148976 | E5: 0.47944069 | F5: 0.40159511 | G5: 0.47344443 | H5: -7 | I5: ="day "&H5 -> day -7
A6: 4 | B6: -0.022003748 | C6: -0.01603551 | D6: 0.0086344099 | E6: 0.77555633 | F6: 0.64675512 | G6: 0.76354556 | H6: -6 | I6: ="day "&H6 -> day -6
A7: 5 | B7: -0.038116446 | C7: -0.030146904 | D7: 0.020461022 | E7: 1.0882372 | F7: 0.90377884 | G7: 1.0676695 | H7: -5 | I7: ="day "&H7 -> day -5
A8: 6 | B8: -0.057329984 | C8: -0.047655889 | D8: 0.036560977 | E8: 1.3953114 | F8: 1.1542409 | G8: 1.3639977 | H8: -4 | I8: ="day "&H8 -> day -4
A9: 7 | B9: -0.080161498 | C9: -0.068778458 | D9: 0.057389836 | E9: 1.708202 | F9: 1.4073569 | G9: 1.6634146 | H9: -3 | I9: ="day "&H9 -> day -3
A10: 8 | B10: -0.10767564 | C10: -0.094354678 | D10: 0.084038963 | E10: 2.0390188 | F10: 1.6727364 | G10: 1.9773193 | H10: -2 | I10: ="day "&H10 -> day -2
A11: 9 | B11: -0.13812703 | C11: -0.12300437 | D11: 0.11533615 | E11: 2.3708061 | F11: 1.9366776 | G11: 2.2895006 | H11: -1 | I11: ="day "&H11 -> day -1
A12: 10 | B12: -0.17475097 | C12: -0.15781202 | D12: 0.1551572 | E12: 2.7377306 | F12: 2.2263512 | G12: 2.6320609 | H12: 0 | I12: ="day "&H12 -> day 0
A13: 11 | B13: -0.21646493 | C13: -0.19788418 | D13: 0.20286464 | E13: 3.1252918 | F13: 2.530237 | G13: 2.9912802 | H13: 1 | I13: ="day "&H13 -> day 1
A14: 12 | B14: -0.2645185 | C14: -0.24494418 | D14: 0.26022903 | E14: 3.5470763 | F14: 2.8568793 | G14: 3.3773755 | H14: 2 | I14: ="day "&H14 -> day 2
... A102: 100 | B102: -9.3374576 | C102: -9.3125982 | D102: 0.95828208 | E102: 44.736565 | F102: 32.843651 | G102: 32.699818 | H102: 90 | I102: ="day "&H102 -> day 90

Sheet no_effect
A4: 85% of the species - sampling date combinations fulfill the criterion of no effect (effect size <20%)

Sheet raw_data_no_effect
A6: How many species - sampling days fulfill the criterion? (criterion: effect size <20%)
A8: TRUE | B8: =COUNTIF($B$17:$CW$82,"TRUE") -> 5304 | C8: =B8/$B$11 -> 0.80363636
A9: FALSE | B9: =COUNTIF($B$17:$CW$82,"FALSE") -> 1002 | C9: =B9/$B$11 -> 0.15181818
A10: NA | B10: =COUNTIF($B$17:$CW$82,"NA") -> 294 | C10: =B10/$B$11 -> 0.044545455
A11: Total | B11: =SUM(B8:B10) -> 6600
A12: Score | B12: =B10+B8 -> 5598 | C12: =B12/$B$11 -> 0.84818182
B16: 0 | C16: 0.0027 | D16: 0.0055 | E16: 0.0082 | F16: 0.011 | G16: 0.0137 | H16: 0.0164 | I16: 0.0192 | J16: 0.0219 | K16: 0.0247 | L16: 0.0274 | M16: 0.0301 | N16: 0.0329 | O16: 0.0356 | P16: 0.0384 | Q16: 0.0411 | R16: 0.0438 | S16: 0.0466 | T16: 0.0493 | U16: 0.0521 | V16: 0.0548 | W16: 0.0575 | X16: 0.0603 | Y16: 0.063 | Z16: 0.0658 | AA16: 0.0685 | AB16: 0.0712 | AC16: 0.074 | AD16: 0.0767 | AE16: 0.0795 | AF16: 0.0822 | AG16: 0.0849 | AH16: 0.0877 | AI16: 0.0904 | AJ16: 0.0932 | AK16: 0.0959 | AL16: 0.0986 | AM16: 0.1014 | AN16: 0.1041 | AO16: 0.1068 | AP16: 0.1096 | AQ16: 0.1123 | AR16: 0.1151 | AS16: 0.1178 | AT16: 0.1205 | AU16: 0.1233 | AV16: 0.126 | AW16: 0.1288 | AX16: 0.1315 | AY16: 0.1342 | AZ16: 0.137 | BA16: 0.1397 | BB16: 0.1425 | BC16: 0.1452 | BD16: 0.1479 | BE16: 0.1507 | BF16: 0.1534 | BG16: 0.1562 | BH16: 0.1589 | BI16: 0.1616 | BJ16: 0.1644 | BK16: 0.1671 | BL16: 0.1699 | BM16: 0.1726 | BN16: 0.1753 | BO16: 0.1781 | BP16: 0.1808 | BQ16: 0.1836 | BR16: 0.1863 | BS16: 0.189 | BT16: 0.1918 | BU16: 0.1945 | BV16: 0.1973 | BW16: 0.2 | BX16: 0.2027 | BY16: 0.2055 | BZ16: 0.2082 | CA16: 0.211 | CB16: 0.2137 | CC16: 0.2164 | CD16: 0.2192 | CE16: 0.2219 | CF16: 0.2247 | CG16: 0.2274 | CH16: 0.2301 | CI16: 0.2329 | CJ16: 0.2356 | CK16: 0.2384 | CL16: 0.2411 | CM16: 0.2438 | CN16: 0.24657534 | CO16: 0.24931507 | CP16: 0.25205479 | CQ16: 0.25479452 | CR16: 0.25753425 | CS16: 0.26027397 | CT16: 0.2630137 | CU16: 0.26575342 | CV16: 0.26849315 | CW16: 0.27123288
A17: E213p03_hab1_PhBlueGreens_Algae | B17: TRUE | C17: TRUE | D17: TRUE | E17: TRUE | F17: TRUE | G17: TRUE | H17: TRUE | I17: TRUE | J17: TRUE | K17: TRUE | L17: TRUE | M17: TRUE | N17: TRUE | O17: TRUE | P17: TRUE | Q17: TRUE | R17: TRUE | S17: TRUE | T17: TRUE | U17: TRUE | V17: TRUE | W17: TRUE | X17: TRUE | Y17: TRUE | Z17: TRUE | AA17: TRUE | AB17: TRUE | AC17: TRUE | AD17: TRUE | AE17: TRUE | AF17: TRUE | AG17: TRUE | AH17: TRUE | AI17: TRUE | AJ17: TRUE | AK17: TRUE | AL17: TRUE | AM17: TRUE | AN17: TRUE | AO17: TRUE | AP17: TRUE | AQ17: TRUE | AR17: TRUE | AS17: TRUE | AT17: TRUE | AU17: TRUE | AV17: TRUE | AW17: TRUE | AX17: TRUE | AY17: TRUE | AZ17: TRUE | BA17: TRUE | BB17: TRUE | BC17: TRUE | BD17: TRUE | BE17: TRUE | BF17: TRUE | BG17: TRUE | BH17: TRUE | BI17: TRUE | BJ17: TRUE | BK17: TRUE | BL17: TRUE | BM17: TRUE | BN17: TRUE | BO17: TRUE | BP17: TRUE | BQ17: TRUE | BR17: TRUE | BS17: TRUE | BT17: TRUE | BU17: TRUE | BV17: TRUE | BW17: TRUE | BX17: TRUE | BY17: TRUE | BZ17: TRUE | CA17: TRUE | CB17: TRUE | CC17: TRUE | CD17: TRUE | CE17: TRUE | CF17: TRUE | CG17: TRUE | CH17: TRUE | CI17: TRUE | CJ17: TRUE | CK17: TRUE | CL17: TRUE | CM17: TRUE | CN17: TRUE | CO17: TRUE | CP17: TRUE | CQ17: TRUE | CR17: TRUE | CS17: TRUE | CT17: TRUE | CU17: TRUE | CV17: TRUE | CW17: TRUE
A18: E213p03_hab1_PhGreens_Algae | B18: TRUE | C18: TRUE | D18: TRUE | E18: TRUE | F18: TRUE | G18: TRUE | H18: TRUE | I18: TRUE | J18: TRUE | K18: TRUE | L18: TRUE | M18: TRUE | N18: TRUE | O18: TRUE | P18: TRUE | Q18: TRUE | R18: TRUE | S18: TRUE | T18: TRUE | U18: TRUE | V18: TRUE | W18: TRUE | X18: TRUE | Y18: TRUE | Z18: TRUE | AA18: TRUE | AB18: TRUE | AC18: TRUE | AD18: TRUE | AE18: TRUE | AF18: TRUE | AG18: TRUE | AH18: TRUE | AI18: TRUE | AJ18: TRUE | AK18: TRUE | AL18: TRUE | AM18: TRUE | AN18: TRUE | AO18: TRUE | AP18: TRUE | AQ18: TRUE | AR18: TRUE | AS18: TRUE | AT18: TRUE | AU18: TRUE | AV18: TRUE | AW18: TRUE | AX18: TRUE | AY18: TRUE | AZ18: TRUE | BA18: TRUE | BB18: TRUE | BC18: TRUE | BD18: TRUE | BE18: TRUE | BF18: TRUE | BG18: TRUE | BH18: TRUE | BI18: TRUE | BJ18: TRUE | BK18: TRUE | BL18: TRUE | BM18: TRUE | BN18: TRUE | BO18: TRUE | BP18: TRUE | BQ18: TRUE | BR18: TRUE | BS18: TRUE | BT18: TRUE | BU18: TRUE | BV18: TRUE | BW18: TRUE | BX18: TRUE | BY18: TRUE | BZ18: TRUE | CA18: TRUE | CB18: TRUE | CC18: TRUE | CD18: TRUE | CE18: TRUE | CF18: TRUE | CG18: TRUE | CH18: TRUE | CI18: TRUE | CJ18: TRUE | CK18: TRUE | CL18: TRUE | CM18: TRUE | CN18: TRUE | CO18: TRUE | CP18: TRUE | CQ18: TRUE | CR18: TRUE | CS18: TRUE | CT18: TRUE | CU18: TRUE | CV18: TRUE | CW18: TRUE
A19: E213p03_hab1_PhDiatoms_Algae | B19: TRUE | C19: TRUE | D19: TRUE | E19: TRUE | F19: TRUE | G19: TRUE | H19: TRUE | I19: TRUE | J19: TRUE | K19: TRUE | L19: TRUE | M19: TRUE | N19: TRUE | O19: TRUE | P19: TRUE | Q19: TRUE | R19: TRUE | S19: TRUE | T19: TRUE | U19: TRUE | V19: TRUE | W19: TRUE | X19: TRUE | Y19: TRUE | Z19: TRUE | AA19: TRUE | AB19: TRUE | AC19: TRUE | AD19: TRUE | AE19: TRUE | AF19: TRUE | AG19: TRUE | AH19: TRUE | AI19: TRUE | AJ19: TRUE | AK19: TRUE | AL19: TRUE | AM19: TRUE | AN19: TRUE | AO19: TRUE | AP19: TRUE | AQ19: TRUE | AR19: TRUE | AS19: TRUE | AT19: TRUE | AU19: TRUE | AV19: TRUE | AW19: TRUE | AX19: TRUE | AY19: TRUE | AZ19: TRUE | BA19: TRUE | BB19: TRUE | BC19: TRUE | BD19: TRUE | BE19: TRUE | BF19: TRUE | BG19: TRUE | BH19: TRUE | BI19: TRUE | BJ19: TRUE | BK19: TRUE | BL19: TRUE | BM19: TRUE | BN19: TRUE | BO19: TRUE | BP19: TRUE | BQ19: TRUE | BR19: TRUE | BS19: TRUE | BT19: TRUE | BU19: TRUE | BV19: TRUE | BW19: TRUE | BX19: TRUE | BY19: TRUE | BZ19: TRUE | CA19: TRUE | CB19: TRUE | CC19: TRUE | CD19: TRUE | CE19: TRUE | CF19: TRUE | CG19: TRUE | CH19: TRUE | CI19: TRUE | CJ19: TRUE | CK19: TRUE | CL19: TRUE | CM19: TRUE | CN19: TRUE | CO19: TRUE | CP19: TRUE | CQ19: TRUE | CR19: TRUE | CS19: TRUE | CT19: TRUE | CU19: TRUE | CV19: TRUE | CW19: TRUE
A20: E213p03_hab1_PhCryptophytes_Algae | B20: TRUE | C20: TRUE | D20: TRUE | E20: TRUE | F20: TRUE | G20: TRUE | H20: TRUE | I20: TRUE | J20: TRUE | K20: TRUE | L20: TRUE | M20: TRUE | N20: TRUE | O20: TRUE | P20: TRUE | Q20: TRUE | R20: TRUE | S20: TRUE | T20: TRUE | U20: TRUE | V20: TRUE | W20: TRUE | X20: TRUE | Y20: TRUE | Z20: TRUE | AA20: TRUE | AB20: TRUE | AC20: TRUE | AD20: TRUE | AE20: TRUE | AF20: TRUE | AG20: TRUE | AH20: TRUE | AI20: TRUE | AJ20: TRUE | AK20: TRUE | AL20: TRUE | AM20: TRUE | AN20: TRUE | AO20: TRUE | AP20: TRUE | AQ20: TRUE | AR20: TRUE | AS20: TRUE | AT20: TRUE | AU20: TRUE | AV20: TRUE | AW20: TRUE | AX20: TRUE | AY20: TRUE | AZ20: TRUE | BA20: TRUE | BB20: TRUE | BC20: TRUE | BD20: TRUE | BE20: TRUE | BF20: TRUE | BG20: TRUE | BH20: TRUE | BI20: TRUE | BJ20: TRUE | BK20: TRUE | BL20: TRUE | BM20: TRUE | BN20: TRUE | BO20: TRUE | BP20: TRUE | BQ20: TRUE | BR20: TRUE | BS20: TRUE | BT20: TRUE | BU20: TRUE | BV20: TRUE | BW20: TRUE | BX20: TRUE | BY20: TRUE | BZ20: TRUE | CA20: TRUE | CB20: TRUE | CC20: TRUE | CD20: TRUE | CE20: TRUE | CF20: TRUE | CG20: TRUE | CH20: TRUE | CI20: TRUE | CJ20: TRUE | CK20: TRUE | CL20: TRUE | CM20: TRUE | CN20: TRUE | CO20: TRUE | CP20: TRUE | CQ20: TRUE | CR20: TRUE | CS20: TRUE | CT20: TRUE | CU20: TRUE | CV20: TRUE | CW20: TRUE
A21: E213p03_hab1_PeBlueGreens_Algae | B21: TRUE | C21: TRUE | D21: TRUE | E21: TRUE | F21: TRUE | G21: TRUE | H21: TRUE | I21: TRUE | J21: TRUE | K21: TRUE | L21: TRUE | M21: TRUE | N21: TRUE | O21: TRUE | P21: TRUE | Q21: TRUE | R21: TRUE | S21: TRUE | T21: TRUE | U21: TRUE | V21: TRUE | W21: TRUE | X21: TRUE | Y21: TRUE | Z21: TRUE | AA21: TRUE | AB21: TRUE | AC21: TRUE | AD21: TRUE | AE21: TRUE | AF21: TRUE | AG21: TRUE | AH21: TRUE | AI21: TRUE | AJ21: TRUE | AK21: TRUE | AL21: TRUE | AM21: TRUE | AN21: TRUE | AO21: TRUE | AP21: TRUE | AQ21: TRUE | AR21: TRUE | AS21: TRUE | AT21: TRUE | AU21: TRUE | AV21: TRUE | AW21: TRUE | AX21: TRUE | AY21: TRUE | AZ21: TRUE | BA21: TRUE | BB21: TRUE | BC21: TRUE | BD21: TRUE | BE21: TRUE | BF21: TRUE | BG21: TRUE | BH21: TRUE | BI21: TRUE | BJ21: TRUE | BK21: TRUE | BL21: TRUE | BM21: TRUE | BN21: TRUE | BO21: TRUE | BP21: TRUE | BQ21: TRUE | BR21: TRUE | BS21: TRUE | BT21: TRUE | BU21: TRUE | BV21: TRUE | BW21: TRUE | BX21: TRUE | BY21: TRUE | BZ21: TRUE | CA21: TRUE | CB21: TRUE | CC21: TRUE | CD21: TRUE | CE21: TRUE | CF21: TRUE | CG21: TRUE | CH21: TRUE | CI21: TRUE | CJ21: TRUE | CK21: TRUE | CL21: TRUE | CM21: TRUE | CN21: TRUE | CO21: TRUE | CP21: TRUE | CQ21: TRUE | CR21: TRUE | CS21: TRUE | CT21: TRUE | CU21: TRUE | CV21: TRUE | CW21: TRUE
A22: E213p03_hab1_PeGreens_Algae | B22: TRUE | C22: TRUE | D22: NA | E22: NA | F22: NA | G22: NA | H22: NA | I22: NA | J22: NA | K22: NA | L22: NA | M22: NA | N22: NA | O22: NA | P22: NA | Q22: NA | R22: NA | S22: NA | T22: NA | U22: NA | V22: NA | W22: NA | X22: NA | Y22: NA | Z22: NA | AA22: NA | AB22: NA | AC22: NA | AD22: NA | AE22: NA | AF22: NA | AG22: NA | AH22: NA | AI22: NA | AJ22: NA | AK22: NA | AL22: NA | AM22: NA | AN22: NA | AO22: NA | AP22: NA | AQ22: NA | AR22: NA | AS22: NA | AT22: NA | AU22: NA | AV22: NA | AW22: NA | AX22: NA | AY22: NA | AZ22: NA | BA22: NA | BB22: NA | BC22: NA | BD22: NA | BE22: NA | BF22: NA | BG22: NA | BH22: NA | BI22: NA | BJ22: NA | BK22: NA | BL22: NA | BM22: NA | BN22: NA | BO22: NA | BP22: NA | BQ22: NA | BR22: NA | BS22: NA | BT22: NA | BU22: NA | BV22: NA | BW22: NA | BX22: NA | BY22: NA | BZ22: NA | CA22: NA | CB22: NA | CC22: NA | CD22: NA | CE22: NA | CF22: NA | CG22: NA | CH22: NA | CI22: NA | CJ22: NA | CK22: NA | CL22: NA | CM22: NA | CN22: NA | CO22: NA | CP22: NA | CQ22: NA | CR22: NA | CS22: NA | CT22: NA | CU22: NA | CV22: NA | CW22: NA
A23: E213p03_hab1_PeDiatoms_Algae | B23: TRUE | C23: TRUE | D23: TRUE | E23: TRUE | F23: TRUE | G23: TRUE | H23: TRUE | I23: TRUE | J23: TRUE | K23: TRUE | L23: TRUE | M23: TRUE | N23: TRUE | O23: TRUE | P23: TRUE | Q23: TRUE | R23: TRUE | S23: TRUE | T23: TRUE | U23: TRUE | V23: TRUE | W23: TRUE | X23: TRUE | Y23: TRUE | Z23: TRUE | AA23: TRUE | AB23: TRUE | AC23: TRUE | AD23: TRUE | AE23: TRUE | AF23: TRUE | AG23: TRUE | AH23: TRUE | AI23: TRUE | AJ23: TRUE | AK23: TRUE | AL23: TRUE | AM23: TRUE | AN23: TRUE | AO23: TRUE | AP23: TRUE | AQ23: TRUE | AR23: TRUE | AS23: TRUE | AT23: TRUE | AU23: TRUE | AV23: TRUE | AW23: TRUE | AX23: TRUE | AY23: TRUE | AZ23: TRUE | BA23: TRUE | BB23: TRUE | BC23: TRUE | BD23: TRUE | BE23: TRUE | BF23: TRUE | BG23: TRUE | BH23: TRUE | BI23: TRUE | BJ23: TRUE | BK23: TRUE | BL23: TRUE | BM23: TRUE | BN23: TRUE | BO23: TRUE | BP23: TRUE | BQ23: TRUE | BR23: TRUE | BS23: TRUE | BT23: TRUE | BU23: TRUE | BV23: TRUE | BW23: TRUE | BX23: TRUE | BY23: TRUE | BZ23: TRUE | CA23: TRUE | CB23: TRUE | CC23: TRUE | CD23: TRUE | CE23: TRUE | CF23: TRUE | CG23: TRUE | CH23: TRUE | CI23: TRUE | CJ23: TRUE | CK23: TRUE | CL23: TRUE | CM23: TRUE | CN23: TRUE | CO23: TRUE | CP23: TRUE | CQ23: TRUE | CR23: TRUE | CS23: TRUE | CT23: TRUE | CU23: TRUE | CV23: TRUE | CW23: TRUE
A24: E213p03_hab1_CladoceraPhytophilous_Invertebrates | B24: TRUE | C24: TRUE | D24: TRUE | E24: TRUE | F24: TRUE | G24: TRUE | H24: TRUE | I24: TRUE | J24: TRUE | K24: TRUE | L24: TRUE | M24: TRUE | N24: TRUE | O24: TRUE | P24: TRUE | Q24: TRUE | R24: TRUE | S24: TRUE | T24: TRUE | U24: TRUE | V24: TRUE | W24: TRUE | X24: TRUE | Y24: TRUE | Z24: TRUE | AA24: TRUE | AB24: TRUE | AC24: TRUE | AD24: TRUE | AE24: TRUE | AF24: TRUE | AG24: TRUE | AH24: TRUE | AI24: TRUE | AJ24: TRUE | AK24: TRUE | AL24: TRUE | AM24: TRUE | AN24: TRUE | AO24: TRUE | AP24: TRUE | AQ24: TRUE | AR24: TRUE | AS24: TRUE | AT24: TRUE | AU24: TRUE | AV24: TRUE | AW24: TRUE | AX24: TRUE | AY24: TRUE | AZ24: TRUE | BA24: TRUE | BB24: TRUE | BC24: TRUE | BD24: TRUE | BE24: TRUE | BF24: TRUE | BG24: TRUE | BH24: TRUE | BI24: TRUE | BJ24: FALSE | BK24: FALSE | BL24: FALSE | BM24: FALSE | BN24: FALSE | BO24: FALSE | BP24: FALSE | BQ24: FALSE | BR24: FALSE | BS24: FALSE | BT24: FALSE | BU24: FALSE | BV24: FALSE | BW24: FALSE | BX24: FALSE | BY24: FALSE | BZ24: FALSE | CA24: FALSE | CB24: FALSE | CC24: FALSE | CD24: FALSE | CE24: FALSE | CF24: FALSE | CG24: FALSE | CH24: FALSE | CI24: FALSE | CJ24: FALSE | CK24: FALSE | CL24: FALSE | CM24: FALSE | CN24: FALSE | CO24: FALSE | CP24: FALSE | CQ24: FALSE | CR24: FALSE | CS24: FALSE | CT24: FALSE | CU24: FALSE | CV24: FALSE | CW24: FALSE
A25: E213p03_hab1_CladoceraSmall_Invertebrates | B25: TRUE | C25: TRUE | D25: TRUE | E25: TRUE | F25: TRUE | G25: TRUE | H25: TRUE | I25: TRUE | J25: TRUE | K25: TRUE | L25: TRUE | M25: TRUE | N25: TRUE | O25: TRUE | P25: TRUE | Q25: TRUE | R25: TRUE | S25: TRUE | T25: TRUE | U25: TRUE | V25: TRUE | W25: TRUE | X25: TRUE | Y25: TRUE | Z25: TRUE | AA25: TRUE | AB25: TRUE | AC25: TRUE | AD25: TRUE | AE25: TRUE | AF25: TRUE | AG25: TRUE | AH25: TRUE | AI25: TRUE | AJ25: TRUE | AK25: TRUE | AL25: TRUE | AM25: TRUE | AN25: TRUE | AO25: TRUE | AP25: TRUE | AQ25: TRUE | AR25: TRUE | AS25: TRUE | AT25: TRUE | AU25: TRUE | AV25: TRUE | AW25: TRUE | AX25: TRUE | AY25: TRUE | AZ25: TRUE | BA25: TRUE | BB25: TRUE | BC25: TRUE | BD25: TRUE | BE25: TRUE | BF25: TRUE | BG25: TRUE | BH25: TRUE | BI25: TRUE | BJ25: TRUE | BK25: TRUE | BL25: FALSE | BM25: FALSE | BN25: FALSE | BO25: FALSE | BP25: FALSE | BQ25: FALSE | BR25: FALSE | BS25: FALSE | BT25: FALSE | BU25: FALSE | BV25: FALSE | BW25: FALSE | BX25: FALSE | BY25: FALSE | BZ25: FALSE | CA25: FALSE | CB25: FALSE | CC25: FALSE | CD25: FALSE | CE25: FALSE | CF25: FALSE | CG25: FALSE | CH25: FALSE | CI25: FALSE | CJ25: FALSE | CK25: FALSE | CL25: FALSE | CM25: FALSE | CN25: FALSE | CO25: FALSE | CP25: FALSE | CQ25: FALSE | CR25: FALSE | CS25: FALSE | CT25: FALSE | CU25: FALSE | CV25: FALSE | CW25: FALSE
A26: E213p03_hab1_CopepodaPredatory_Invertebrates | B26: TRUE | C26: TRUE | D26: TRUE | E26: TRUE | F26: TRUE | G26: TRUE | H26: TRUE | I26: TRUE | J26: TRUE | K26: TRUE | L26: TRUE | M26: TRUE | N26: TRUE | O26: TRUE | P26: TRUE | Q26: TRUE | R26: TRUE | S26: TRUE | T26: TRUE | U26: TRUE | V26: TRUE | W26: TRUE | X26: TRUE | Y26: TRUE | Z26: TRUE | AA26: TRUE | AB26: TRUE | AC26: TRUE | AD26: TRUE | AE26: TRUE | AF26: TRUE | AG26: TRUE | AH26: TRUE | AI26: TRUE | AJ26: TRUE | AK26: TRUE | AL26: TRUE | AM26: TRUE | AN26: TRUE | AO26: TRUE | AP26: TRUE | AQ26: TRUE | AR26: TRUE | AS26: TRUE | AT26: TRUE | AU26: TRUE | AV26: TRUE | AW26: TRUE | AX26: TRUE | AY26: TRUE | AZ26: TRUE | BA26: TRUE | BB26: TRUE | BC26: TRUE | BD26: TRUE | BE26: TRUE | BF26: TRUE | BG26: TRUE | BH26: TRUE | BI26: TRUE | BJ26: TRUE | BK26: TRUE | BL26: TRUE | BM26: TRUE | BN26: TRUE | BO26: TRUE | BP26: TRUE | BQ26: TRUE | BR26: TRUE | BS26: TRUE | BT26: TRUE | BU26: TRUE | BV26: TRUE | BW26: TRUE | BX26: TRUE | BY26: TRUE | BZ26: TRUE | CA26: TRUE | CB26: TRUE | CC26: TRUE | CD26: TRUE | CE26: TRUE | CF26: TRUE | CG26: TRUE | CH26: TRUE | CI26: TRUE | CJ26: TRUE | CK26: TRUE | CL26: TRUE | CM26: TRUE | CN26: TRUE | CO26: TRUE | CP26: TRUE | CQ26: TRUE | CR26: TRUE | CS26: TRUE | CT26: TRUE | CU26: TRUE | CV26: TRUE | CW26: TRUE
A27: E213p03_hab1_Daphnidae_Invertebrates | B27: TRUE | C27: TRUE | D27: TRUE | E27: TRUE | F27: TRUE | G27: TRUE | H27: TRUE | I27: TRUE | J27: TRUE | K27: TRUE | L27: TRUE | M27: TRUE | N27: TRUE | O27: TRUE | P27: TRUE | Q27: TRUE | R27: TRUE | S27: TRUE | T27: TRUE | U27: TRUE | V27: TRUE | W27: TRUE | X27: TRUE | Y27: TRUE | Z27: TRUE | AA27: TRUE | AB27: TRUE | AC27: TRUE | AD27: TRUE | AE27: TRUE | AF27: TRUE | AG27: TRUE | AH27: TRUE | AI27: TRUE | AJ27: TRUE | AK27: TRUE | AL27: TRUE | AM27: TRUE | AN27: TRUE | AO27: TRUE | AP27: TRUE | AQ27: TRUE | AR27: TRUE | AS27: TRUE | AT27: TRUE | AU27: TRUE | AV27: TRUE | AW27: TRUE | AX27: TRUE | AY27: TRUE | AZ27: TRUE | BA27: TRUE | BB27: TRUE | BC27: FALSE | BD27: FALSE | BE27: FALSE | BF27: FALSE | BG27: FALSE | BH27: FALSE | BI27: FALSE | BJ27: FALSE | BK27: FALSE | BL27: FALSE | BM27: FALSE | BN27: FALSE | BO27: FALSE | BP27: FALSE | BQ27: FALSE | BR27: FALSE | BS27: FALSE | BT27: FALSE | BU27: FALSE | BV27: FALSE | BW27: FALSE | BX27: FALSE | BY27: FALSE | BZ27: FALSE | CA27: FALSE | CB27: FALSE | CC27: FALSE | CD27: FALSE | CE27: FALSE | CF27: FALSE | CG27: FALSE | CH27: FALSE | CI27: FALSE | CJ27: FALSE | CK27: FALSE | CL27: FALSE | CM27: FALSE | CN27: FALSE | CO27: FALSE | CP27: FALSE | CQ27: FALSE | CR27: FALSE | CS27: FALSE | CT27: FALSE | CU27: FALSE | CV27: FALSE | CW27: FALSE
A28: E213p03_hab1_Simocephalus_Invertebrates | B28: TRUE | C28: TRUE | D28: TRUE | E28: TRUE | F28: TRUE | G28: TRUE | H28: TRUE | I28: TRUE | J28: TRUE | K28: TRUE | L28: TRUE | M28: TRUE | N28: TRUE | O28: TRUE | P28: TRUE | Q28: TRUE | R28: TRUE | S28: TRUE | T28: TRUE | U28: TRUE | V28: TRUE | W28: TRUE | X28: TRUE | Y28: TRUE | Z28: TRUE | AA28: TRUE | AB28: TRUE | AC28: TRUE | AD28: TRUE | AE28: TRUE | AF28: TRUE | AG28: TRUE | AH28: TRUE | AI28: TRUE | AJ28: TRUE | AK28: TRUE | AL28: TRUE | AM28: TRUE | AN28: TRUE | AO28: TRUE | AP28: TRUE | AQ28: TRUE | AR28: TRUE | AS28: TRUE | AT28: TRUE | AU28: TRUE | AV28: TRUE | AW28: TRUE | AX28: TRUE | AY28: TRUE | AZ28: TRUE | BA28: TRUE | BB28: TRUE | BC28: TRUE | BD28: FALSE | BE28: FALSE | BF28: FALSE | BG28: FALSE | BH28: FALSE | BI28: FALSE | BJ28: FALSE | BK28: FALSE | BL28: FALSE | BM28: FALSE | BN28: FALSE | BO28: FALSE | BP28: FALSE | BQ28: FALSE | BR28: FALSE | BS28: FALSE | BT28: FALSE | BU28: FALSE | BV28: FALSE | BW28: FALSE | BX28: FALSE | BY28: FALSE | BZ28: FALSE | CA28: FALSE | CB28: FALSE | CC28: FALSE | CD28: FALSE | CE28: FALSE | CF28: FALSE | CG28: FALSE | CH28: FALSE | CI28: FALSE | CJ28: FALSE | CK28: FALSE | CL28: FALSE | CM28: FALSE | CN28: FALSE | CO28: FALSE | CP28: FALSE | CQ28: FALSE | CR28: FALSE | CS28: FALSE | CT28: FALSE | CU28: FALSE | CV28: FALSE | CW28: FALSE
... A82: E213p33_hab1_Tanypodinae_Invertebrates | B82: TRUE | C82: TRUE | D82: TRUE | E82: TRUE | F82: TRUE | G82: TRUE | H82: TRUE | I82: TRUE | J82: TRUE | K82: TRUE | L82: TRUE | M82: TRUE | N82: TRUE | O82: TRUE | P82: TRUE | Q82: TRUE | R82: TRUE | S82: TRUE | T82: TRUE | U82: TRUE | V82: TRUE | W82: TRUE | X82: TRUE | Y82: TRUE | Z82: TRUE | AA82: TRUE | AB82: TRUE | AC82: TRUE | AD82: TRUE | AE82: TRUE | AF82: TRUE | AG82: TRUE | AH82: TRUE | AI82: TRUE | AJ82: TRUE | AK82: TRUE | AL82: TRUE | AM82: TRUE | AN82: TRUE | AO82: TRUE | AP82: TRUE | AQ82: TRUE | AR82: TRUE | AS82: TRUE | AT82: TRUE | AU82: TRUE | AV82: TRUE | AW82: TRUE | AX82: TRUE | AY82: TRUE | AZ82: TRUE | BA82: TRUE | BB82: TRUE | BC82: TRUE | BD82: TRUE | BE82: TRUE | BF82: TRUE | BG82: TRUE | BH82: TRUE | BI82: TRUE | BJ82: TRUE | BK82: TRUE | BL82: TRUE | BM82: TRUE | BN82: TRUE | BO82: TRUE | BP82: TRUE | BQ82: TRUE | BR82: TRUE | BS82: TRUE | BT82: TRUE | BU82: TRUE | BV82: TRUE | BW82: TRUE | BX82: TRUE | BY82: TRUE | BZ82: TRUE | CA82: TRUE | CB82: TRUE | CC82: TRUE | CD82: TRUE | CE82: TRUE | CF82: TRUE | CG82: TRUE | CH82: TRUE | CI82: TRUE | CJ82: TRUE | CK82: TRUE | CL82: TRUE | CM82: TRUE | CN82: TRUE | CO82: TRUE | CP82: TRUE | CQ82: TRUE | CR82: TRUE | CS82: TRUE | CT82: TRUE | CU82: TRUE | CV82: TRUE | CW82: TRUE
A97: not considered
A98: E213p03_hab1_FPOM_POM | B98: TRUE | C98: TRUE | D98: TRUE | E98: TRUE | F98: TRUE | G98: TRUE | H98: TRUE | I98: TRUE | J98: TRUE | K98: TRUE | L98: TRUE | M98: TRUE | N98: TRUE | O98: TRUE | P98: TRUE | Q98: TRUE | R98: TRUE | S98: TRUE | T98: TRUE | U98: TRUE | V98: TRUE | W98: TRUE | X98: TRUE | Y98: TRUE | Z98: TRUE | AA98: TRUE | AB98: TRUE | AC98: TRUE | AD98: TRUE | AE98: TRUE | AF98: TRUE | AG98: TRUE | AH98: TRUE | AI98: TRUE | AJ98: TRUE | AK98: TRUE | AL98: TRUE | AM98: TRUE | AN98: TRUE | AO98: TRUE | AP98: TRUE | AQ98: TRUE | AR98: TRUE | AS98: TRUE | AT98: TRUE | AU98: TRUE | AV98: TRUE | AW98: TRUE | AX98: TRUE | AY98: TRUE | AZ98: TRUE | BA98: TRUE | BB98: TRUE | BC98: TRUE | BD98: TRUE | BE98: TRUE | BF98: TRUE | BG98: TRUE | BH98: TRUE | BI98: TRUE | BJ98: TRUE | BK98: TRUE | BL98: TRUE | BM98: TRUE | BN98: TRUE | BO98: TRUE | BP98: TRUE | BQ98: TRUE | BR98: TRUE | BS98: TRUE | BT98: TRUE | BU98: TRUE | BV98: TRUE | BW98: TRUE | BX98: TRUE | BY98: TRUE | BZ98: TRUE | CA98: TRUE | CB98: TRUE | CC98: TRUE | CD98: TRUE | CE98: TRUE | CF98: TRUE | CG98: TRUE | CH98: TRUE | CI98: TRUE | CJ98: TRUE | CK98: TRUE | CL98: TRUE | CM98: TRUE | CN98: TRUE | CO98: TRUE | CP98: TRUE | CQ98: TRUE | CR98: TRUE | CS98: TRUE | CT98: TRUE | CU98: TRUE | CV98: TRUE | CW98: TRUE
A99: E213p10_hab1_FPOM_POM | B99: TRUE | C99: TRUE | D99: TRUE | E99: TRUE | F99: TRUE | G99: TRUE | H99: TRUE | I99: TRUE | J99: TRUE | K99: TRUE | L99: TRUE | M99: TRUE | N99: TRUE | O99: TRUE | P99: TRUE | Q99: TRUE | R99: TRUE | S99: TRUE | T99: TRUE | U99: TRUE | V99: TRUE | W99: TRUE | X99: TRUE | Y99: TRUE | Z99: TRUE | AA99: TRUE | AB99: TRUE | AC99: TRUE | AD99: TRUE | AE99: TRUE | AF99: TRUE | AG99: TRUE | AH99: TRUE | AI99: TRUE | AJ99: TRUE | AK99: TRUE | AL99: TRUE | AM99: TRUE | AN99: TRUE | AO99: TRUE | AP99: TRUE | AQ99: TRUE | AR99: TRUE | AS99: TRUE | AT99: TRUE | AU99: TRUE | AV99: TRUE | AW99: TRUE | AX99: TRUE | AY99: TRUE | AZ99: TRUE | BA99: TRUE | BB99: TRUE | BC99: TRUE | BD99: TRUE | BE99: TRUE | BF99: TRUE | BG99: TRUE | BH99: TRUE | BI99: TRUE | BJ99: TRUE | BK99: TRUE | BL99: TRUE | BM99: TRUE | BN99: TRUE | BO99: TRUE | BP99: TRUE | BQ99: TRUE | BR99: TRUE | BS99: TRUE | BT99: TRUE | BU99: TRUE | BV99: TRUE | BW99: TRUE | BX99: TRUE | BY99: TRUE | BZ99: TRUE | CA99: TRUE | CB99: TRUE | CC99: TRUE | CD99: TRUE | CE99: TRUE | CF99: TRUE | CG99: TRUE | CH99: TRUE | CI99: TRUE | CJ99: TRUE | CK99: TRUE | CL99: TRUE | CM99: TRUE | CN99: TRUE | CO99: TRUE | CP99: TRUE | CQ99: TRUE | CR99: TRUE | CS99: TRUE | CT99: TRUE | CU99: TRUE | CV99: TRUE | CW99: TRUE
A100: E213p33_hab1_FPOM_POM | B100: TRUE | C100: TRUE | D100: TRUE | E100: TRUE | F100: TRUE | G100: TRUE | H100: TRUE | I100: TRUE | J100: TRUE | K100: TRUE | L100: TRUE | M100: TRUE | N100: TRUE | O100: TRUE | P100: TRUE | Q100: TRUE | R100: TRUE | S100: TRUE | T100: TRUE | U100: TRUE | V100: TRUE | W100: TRUE | X100: TRUE | Y100: TRUE | Z100: TRUE | AA100: TRUE | AB100: TRUE | AC100: TRUE | AD100: TRUE | AE100: TRUE | AF100: TRUE | AG100: TRUE | AH100: TRUE | AI100: TRUE | AJ100: TRUE | AK100: TRUE | AL100: TRUE | AM100: TRUE | AN100: TRUE | AO100: TRUE | AP100: TRUE | AQ100: TRUE | AR100: TRUE | AS100: TRUE | AT100: TRUE | AU100: TRUE | AV100: TRUE | AW100: TRUE | AX100: TRUE | AY100: TRUE | AZ100: TRUE | BA100: TRUE | BB100: TRUE | BC100: TRUE | BD100: TRUE | BE100: TRUE | BF100: TRUE | BG100: TRUE | BH100: TRUE | BI100: TRUE | BJ100: TRUE | BK100: TRUE | BL100: TRUE | BM100: TRUE | BN100: TRUE | BO100: TRUE | BP100: TRUE | BQ100: TRUE | BR100: TRUE | BS100: TRUE | BT100: TRUE | BU100: TRUE | BV100: TRUE | BW100: TRUE | BX100: TRUE | BY100: TRUE | BZ100: TRUE | CA100: TRUE | CB100: TRUE | CC100: TRUE | CD100: TRUE | CE100: TRUE | CF100: TRUE | CG100: TRUE | CH100: TRUE | CI100: TRUE | CJ100: TRUE | CK100: TRUE | CL100: TRUE | CM100: TRUE | CN100: TRUE | CO100: TRUE | CP100: TRUE | CQ100: TRUE | CR100: TRUE | CS100: TRUE | CT100: TRUE | CU100: TRUE | CV100: TRUE | CW100: TRUE
A101: E213p03_hab1_Gammarus_Invertebrates | B101: NA | C101: NA | D101: NA | E101: NA | F101: NA | G101: NA | H101: NA | I101: NA | J101: NA | K101: NA | L101: NA | M101: NA | N101: NA | O101: NA | P101: NA | Q101: NA | R101: NA | S101: NA | T101: NA | U101: NA | V101: NA | W101: NA | X101: NA | Y101: NA | Z101: NA | AA101: NA | AB101: NA | AC101: NA | AD101: NA | AE101: NA | AF101: NA | AG101: NA | AH101: NA | AI101: NA | AJ101: NA | AK101: NA | AL101: NA | AM101: NA | AN101: NA | AO101: NA | AP101: NA | AQ101: NA | AR101: NA | AS101: NA | AT101: NA | AU101: NA | AV101: NA | AW101: NA | AX101: NA | AY101: NA | AZ101: NA | BA101: NA | BB101: NA | BC101: NA | BD101: NA | BE101: NA | BF101: NA | BG101: NA | BH101: NA | BI101: NA | BJ101: NA | BK101: NA | BL101: NA | BM101: NA | BN101: NA | BO101: NA | BP101: NA | BQ101: NA | BR101: NA | BS101: NA | BT101: NA | BU101: NA | BV101: NA | BW101: NA | BX101: NA | BY101: NA | BZ101: NA | CA101: NA | CB101: NA | CC101: NA | CD101: NA | CE101: NA | CF101: NA | CG101: NA | CH101: NA | CI101: NA | CJ101: NA | CK101: NA | CL101: NA | CM101: NA | CN101: NA | CO101: NA | CP101: NA | CQ101: NA | CR101: NA | CS101: NA | CT101: NA | CU101: NA | CV101: NA | CW101: NA
A102: E213p10_hab1_Gammarus_Invertebrates | B102: NA | C102: NA | D102: NA | E102: NA | F102: NA | G102: NA | H102: NA | I102: NA | J102: NA | K102: NA | L102: NA | M102: NA | N102: NA | O102: NA | P102: NA | Q102: NA | R102: NA | S102: NA | T102: NA | U102: NA | V102: NA | W102: NA | X102: NA | Y102: NA | Z102: NA | AA102: NA | AB102: NA | AC102: NA | AD102: NA | AE102: NA | AF102: NA | AG102: NA | AH102: NA | AI102: NA | AJ102: NA | AK102: NA | AL102: NA | AM102: NA | AN102: NA | AO102: NA | AP102: NA | AQ102: NA | AR102: NA | AS102: NA | AT102: NA | AU102: NA | AV102: NA | AW102: NA | AX102: NA | AY102: NA | AZ102: NA | BA102: NA | BB102: NA | BC102: NA | BD102: NA | BE102: NA | BF102: NA | BG102: NA | BH102: NA | BI102: NA | BJ102: NA | BK102: NA | BL102: NA | BM102: NA | BN102: NA | BO102: NA | BP102: NA | BQ102: NA | BR102: NA | BS102: NA | BT102: NA | BU102: NA | BV102: NA | BW102: NA | BX102: NA | BY102: NA | BZ102: NA | CA102: NA | CB102: NA | CC102: NA | CD102: NA | CE102: NA | CF102: NA | CG102: NA | CH102: NA | CI102: NA | CJ102: NA | CK102: NA | CL102: NA | CM102: NA | CN102: NA | CO102: NA | CP102: NA | CQ102: NA | CR102: NA | CS102: NA | CT102: NA | CU102: NA | CV102: NA | CW102: NA
A103: E213p33_hab1_Gammarus_Invertebrates | B103: NA | C103: NA | D103: NA | E103: NA | F103: NA | G103: NA | H103: NA | I103: NA | J103: NA | K103: NA | L103: NA | M103: NA | N103: NA | O103: NA | P103: NA | Q103: NA | R103: NA | S103: NA | T103: NA | U103: NA | V103: NA | W103: NA | X103: NA | Y103: NA | Z103: NA | AA103: NA | AB103: NA | AC103: NA | AD103: NA | AE103: NA | AF103: NA | AG103: NA | AH103: NA | AI103: NA | AJ103: NA | AK103: NA | AL103: NA | AM103: NA | AN103: NA | AO103: NA | AP103: NA | AQ103: NA | AR103: NA | AS103: NA | AT103: NA | AU103: NA | AV103: NA | AW103: NA | AX103: NA | AY103: NA | AZ103: NA | BA103: NA | BB103: NA | BC103: NA | BD103: NA | BE103: NA | BF103: NA | BG103: NA | BH103: NA | BI103: NA | BJ103: NA | BK103: NA | BL103: NA | BM103: NA | BN103: NA | BO103: NA | BP103: NA | BQ103: NA | BR103: NA | BS103: NA | BT103: NA | BU103: NA | BV103: NA | BW103: NA | BX103: NA | BY103: NA | BZ103: NA | CA103: NA | CB103: NA | CC103: NA | CD103: NA | CE103: NA | CF103: NA | CG103: NA | CH103: NA | CI103: NA | CJ103: NA | CK103: NA | CL103: NA | CM103: NA | CN103: NA | CO103: NA | CP103: NA | CQ103: NA | CR103: NA | CS103: NA | CT103: NA | CU103: NA | CV103: NA | CW103: NA
A104: E213p03_hab1_CopepodaHerbivorous_Invertebrates | B104: NA | C104: NA | D104: NA | E104: NA | F104: NA | G104: NA | H104: NA | I104: NA | J104: NA | K104: NA | L104: NA | M104: NA | N104: NA | O104: NA | P104: NA | Q104: NA | R104: NA | S104: NA | T104: NA | U104: NA | V104: NA | W104: NA | X104: NA | Y104: NA | Z104: NA | AA104: NA | AB104: NA | AC104: NA | AD104: NA | AE104: NA | AF104: NA | AG104: NA | AH104: NA | AI104: NA | AJ104: NA | AK104: NA | AL104: NA | AM104: NA | AN104: NA | AO104: NA | AP104: NA | AQ104: NA | AR104: NA | AS104: NA | AT104: NA | AU104: NA | AV104: NA | AW104: NA | AX104: NA | AY104: NA | AZ104: NA | BA104: NA | BB104: NA | BC104: NA | BD104: NA | BE104: NA | BF104: NA | BG104: NA | BH104: NA | BI104: NA | BJ104: NA | BK104: NA | BL104: NA | BM104: NA | BN104: NA | BO104: NA | BP104: NA | BQ104: NA | BR104: NA | BS104: NA | BT104: NA | BU104: NA | BV104: NA | BW104: NA | BX104: NA | BY104: NA | BZ104: NA | CA104: NA | CB104: NA | CC104: NA | CD104: NA | CE104: NA | CF104: NA | CG104: NA | CH104: NA | CI104: NA | CJ104: NA | CK104: NA | CL104: NA | CM104: NA | CN104: NA | CO104: NA | CP104: NA | CQ104: NA | CR104: NA | CS104: NA | CT104: NA | CU104: NA | CV104: NA | CW104: NA
A105: E213p33_hab1_CopepodaHerbivorous_Invertebrates | B105: NA | C105: NA | D105: NA | E105: NA | F105: NA | G105: NA | H105: NA | I105: NA | J105: NA | K105: NA | L105: NA | M105: NA | N105: NA | O105: NA | P105: NA | Q105: NA | R105: NA | S105: NA | T105: NA | U105: NA | V105: NA | W105: NA | X105: NA | Y105: NA | Z105: NA | AA105: NA | AB105: NA | AC105: NA | AD105: NA | AE105: NA | AF105: NA | AG105: NA | AH105: NA | AI105: NA | AJ105: NA | AK105: NA | AL105: NA | AM105: NA | AN105: NA | AO105: NA | AP105: NA | AQ105: NA | AR105: NA | AS105: NA | AT105: NA | AU105: NA | AV105: NA | AW105: NA | AX105: NA | AY105: NA | AZ105: NA | BA105: NA | BB105: NA | BC105: NA | BD105: NA | BE105: NA | BF105: NA | BG105: NA | BH105: NA | BI105: NA | BJ105: NA | BK105: NA | BL105: NA | BM105: NA | BN105: NA | BO105: NA | BP105: NA | BQ105: NA | BR105: NA | BS105: NA | BT105: NA | BU105: NA | BV105: NA | BW105: NA | BX105: NA | BY105: NA | BZ105: NA | CA105: NA | CB105: NA | CC105: NA | CD105: NA | CE105: NA | CF105: NA | CG105: NA | CH105: NA | CI105: NA | CJ105: NA | CK105: NA | CL105: NA | CM105: NA | CN105: NA | CO105: NA | CP105: NA | CQ105: NA | CR105: NA | CS105: NA | CT105: NA | CU105: NA | CV105: NA | CW105: NA
A106: E213p10_hab1_CopepodaHerbivorous_Invertebrates | B106: NA | C106: NA | D106: NA | E106: NA | F106: NA | G106: NA | H106: NA | I106: NA | J106: NA | K106: NA | L106: NA | M106: NA | N106: NA | O106: NA | P106: NA | Q106: NA | R106: NA | S106: NA | T106: NA | U106: NA | V106: NA | W106: NA | X106: NA | Y106: NA | Z106: NA | AA106: NA | AB106: NA | AC106: NA | AD106: NA | AE106: NA | AF106: NA | AG106: NA | AH106: NA | AI106: NA | AJ106: NA | AK106: NA | AL106: NA | AM106: NA | AN106: NA | AO106: NA | AP106: NA | AQ106: NA | AR106: NA | AS106: NA | AT106: NA | AU106: NA | AV106: NA | AW106: NA | AX106: NA | AY106: NA | AZ106: NA | BA106: NA | BB106: NA | BC106: NA | BD106: NA | BE106: NA | BF106: NA | BG106: NA | BH106: NA | BI106: NA | BJ106: NA | BK106: NA | BL106: NA | BM106: NA | BN106: NA | BO106: NA | BP106: NA | BQ106: NA | BR106: NA | BS106: NA | BT106: NA | BU106: NA | BV106: NA | BW106: NA | BX106: NA | BY106: NA | BZ106: NA | CA106: NA | CB106: NA | CC106: NA | CD106: NA | CE106: NA | CF106: NA | CG106: NA | CH106: NA | CI106: NA | CJ106: NA | CK106: NA | CL106: NA | CM106: NA | CN106: NA | CO106: NA | CP106: NA | CQ106: NA | CR106: NA | CS106: NA | CT106: NA | CU106: NA | CV106: NA | CW106: NA
A111: with effect
A112: E213p33_hab1_RotiferaHerbivorous2_Invertebrates | B112: NA | C112: NA | D112: NA | E112: NA | F112: NA | G112: NA | H112: NA | I112: NA | J112: NA | K112: NA | L112: TRUE | M112: NA | N112: NA | O112: NA | P112: NA | Q112: NA | R112: TRUE | S112: NA | T112: TRUE | U112: NA | V112: NA | W112: NA | X112: NA | Y112: NA | Z112: TRUE | AA112: NA | AB112: NA | AC112: NA | AD112: NA | AE112: NA | AF112: NA | AG112: TRUE | AH112: NA | AI112: NA | AJ112: NA | AK112: NA | AL112: NA | AM112: NA | AN112: NA | AO112: NA | AP112: NA | AQ112: NA | AR112: NA | AS112: NA | AT112: NA | AU112: NA | AV112: NA | AW112: NA | AX112: NA | AY112: NA | AZ112: NA | BA112: NA | BB112: NA | BC112: NA | BD112: NA | BE112: NA | BF112: NA | BG112: NA | BH112: NA | BI112: NA | BJ112: NA | BK112: NA | BL112: NA | BM112: NA | BN112: NA | BO112: NA | BP112: NA | BQ112: NA | BR112: NA | BS112: NA | BT112: NA | BU112: NA | BV112: NA | BW112: NA | BX112: NA | BY112: NA | BZ112: NA | CA112: NA | CB112: NA | CC112: NA | CD112: NA | CE112: NA | CF112: NA | CG112: NA | CH112: NA | CI112: NA | CJ112: NA | CK112: NA | CL112: NA | CM112: NA | CN112: NA | CO112: NA | CP112: NA | CQ112: NA | CR112: NA | CS112: NA | CT112: NA | CU112: NA | CV112: NA | CW112: NA
A113: E213p33_hab1_CladoceraSmall_Invertebrates | B113: NA | C113: NA | D113: NA | E113: NA | F113: NA | G113: NA | H113: NA | I113: NA | J113: NA | K113: NA | L113: TRUE | M113: NA | N113: NA | O113: NA | P113: NA | Q113: NA | R113: NA | S113: NA | T113: NA | U113: NA | V113: NA | W113: NA | X113: NA | Y113: NA | Z113: TRUE | AA113: NA | AB113: NA | AC113: NA | AD113: NA | AE113: NA | AF113: NA | AG113: TRUE | AH113: NA | AI113: NA | AJ113: NA | AK113: NA | AL113: NA | AM113: NA | AN113: TRUE | AO113: NA | AP113: NA | AQ113: NA | AR113: NA | AS113: NA | AT113: NA | AU113: TRUE | AV113: NA | AW113: NA | AX113: NA | AY113: NA | AZ113: NA | BA113: NA | BB113: TRUE | BC113: NA | BD113: NA | BE113: NA | BF113: NA | BG113: NA | BH113: NA | BI113: TRUE | BJ113: NA | BK113: NA | BL113: NA | BM113: NA | BN113: NA | BO113: NA | BP113: TRUE | BQ113: NA | BR113: NA | BS113: NA | BT113: NA | BU113: NA | BV113: NA | BW113: TRUE | BX113: NA | BY113: NA | BZ113: NA | CA113: NA | CB113: NA | CC113: NA | CD113: TRUE | CE113: NA | CF113: NA | CG113: NA | CH113: NA | CI113: NA | CJ113: TRUE | CK113: NA | CL113: NA | CM113: NA | CN113: NA | CO113: NA | CP113: NA | CQ113: NA | CR113: TRUE | CS113: NA | CT113: NA | CU113: NA | CV113: NA | CW113: NA
A114: E213p33_hab1_CopepodaPredatory_Invertebrates | B114: NA | C114: NA | D114: NA | E114: NA | F114: NA | G114: NA | H114: NA | I114: NA | J114: NA | K114: NA | L114: TRUE | M114: NA | N114: NA | O114: NA | P114: NA | Q114: NA | R114: NA | S114: NA | T114: NA | U114: NA | V114: NA | W114: NA | X114: NA | Y114: NA | Z114: NA | AA114: NA | AB114: NA | AC114: NA | AD114: NA | AE114: NA | AF114: NA | AG114: NA | AH114: NA | AI114: NA | AJ114: NA | AK114: NA | AL114: NA | AM114: NA | AN114: NA | AO114: NA | AP114: NA | AQ114: NA | AR114: NA | AS114: NA | AT114: NA | AU114: NA | AV114: NA | AW114: NA | AX114: NA | AY114: NA | AZ114: NA | BA114: NA | BB114: NA | BC114: NA | BD114: NA | BE114: NA | BF114: NA | BG114: NA | BH114: NA | BI114: NA | BJ114: NA | BK114: NA | BL114: NA | BM114: NA | BN114: NA | BO114: NA | BP114: NA | BQ114: NA | BR114: NA | BS114: NA | BT114: NA | BU114: NA | BV114: NA | BW114: NA | BX114: NA | BY114: NA | BZ114: NA | CA114: NA | CB114: NA | CC114: NA | CD114: NA | CE114: NA | CF114: NA | CG114: NA | CH114: NA | CI114: NA | CJ114: NA | CK114: NA | CL114: NA | CM114: NA | CN114: NA | CO114: NA | CP114: NA | CQ114: NA | CR114: NA | CS114: NA | CT114: NA | CU114: NA | CV114: NA | CW114: NA
A115: E213p33_hab1_Daphnidae_Invertebrates | B115: NA | C115: NA | D115: NA | E115: NA | F115: NA | G115: NA | H115: NA | I115: NA | J115: NA | K115: NA | L115: NA | M115: NA | N115: NA | O115: NA | P115: NA | Q115: NA | R115: NA | S115: NA | T115: NA | U115: NA | V115: NA | W115: NA | X115: NA | Y115: NA | Z115: NA | AA115: NA | AB115: NA | AC115: NA | AD115: NA | AE115: NA | AF115: NA | AG115: TRUE | AH115: NA | AI115: NA | AJ115: NA | AK115: NA | AL115: NA | AM115: NA | AN115: TRUE | AO115: NA | AP115: NA | AQ115: NA | AR115: NA | AS115: NA | AT115: NA | AU115: TRUE | AV115: NA | AW115: NA | AX115: NA | AY115: NA | AZ115: NA | BA115: NA | BB115: TRUE | BC115: NA | BD115: NA | BE115: NA | BF115: NA | BG115: NA | BH115: NA | BI115: TRUE | BJ115: NA | BK115: NA | BL115: NA | BM115: NA | BN115: NA | BO115: NA | BP115: TRUE | BQ115: NA | BR115: NA | BS115: NA | BT115: NA | BU115: NA | BV115: NA | BW115: TRUE | BX115: NA | BY115: NA | BZ115: NA | CA115: NA | CB115: NA | CC115: NA | CD115: TRUE | CE115: NA | CF115: NA | CG115: NA | CH115: NA | CI115: NA | CJ115: TRUE | CK115: NA | CL115: NA | CM115: NA | CN115: NA | CO115: NA | CP115: NA | CQ115: NA | CR115: TRUE | CS115: NA | CT115: NA | CU115: NA | CV115: NA | CW115: NA
A116: E213p33_hab1_PhDiatoms_Algae | B116: NA | C116: NA | D116: NA | E116: NA | F116: NA | G116: NA | H116: NA | I116: NA | J116: NA | K116: NA | L116: TRUE | M116: NA | N116: NA | O116: NA | P116: TRUE | Q116: NA | R116: NA | S116: NA | T116: TRUE | U116: NA | V116: NA | W116: NA | X116: NA | Y116: TRUE | Z116: NA | AA116: NA | AB116: NA | AC116: NA | AD116: NA | AE116: NA | AF116: TRUE | AG116: NA | AH116: NA | AI116: NA | AJ116: NA | AK116: NA | AL116: TRUE | AM116: NA | AN116: NA | AO116: NA | AP116: NA | AQ116: NA | AR116: NA | AS116: NA | AT116: TRUE | AU116: NA | AV116: NA | AW116: NA | AX116: NA | AY116: NA | AZ116: NA | BA116: TRUE | BB116: NA | BC116: NA | BD116: NA | BE116: NA | BF116: NA | BG116: NA | BH116: TRUE | BI116: NA | BJ116: NA | BK116: NA | BL116: NA | BM116: NA | BN116: TRUE | BO116: NA | BP116: NA | BQ116: NA | BR116: NA | BS116: NA | BT116: NA | BU116: NA | BV116: NA | BW116: NA | BX116: NA | BY116: NA | BZ116: NA | CA116: NA | CB116: NA | CC116: NA | CD116: NA | CE116: NA | CF116: NA | CG116: NA | CH116: NA | CI116: NA | CJ116: NA | CK116: NA | CL116: NA | CM116: NA | CN116: NA | CO116: NA | CP116: TRUE | CQ116: NA | CR116: NA | CS116: NA | CT116: NA | CU116: NA | CV116: NA | CW116: NA
A117: E213p33_hab1_PhCryptophytes_Algae | B117: NA | C117: NA | D117: NA | E117: NA | F117: NA | G117: NA | H117: NA | I117: NA | J117: NA | K117: NA | L117: TRUE | M117: NA | N117: NA | O117: NA | P117: TRUE | Q117: NA | R117: NA | S117: NA | T117: TRUE | U117: NA | V117: NA | W117: NA | X117: NA | Y117: NA | Z117: NA | AA117: NA | AB117: NA | AC117: NA | AD117: NA | AE117: NA | AF117: TRUE | AG117: NA | AH117: NA | AI117: NA | AJ117: NA | AK117: NA | AL117: TRUE | AM117: NA | AN117: NA | AO117: NA | AP117: NA | AQ117: NA | AR117: NA | AS117: NA | AT117: TRUE | AU117: NA | AV117: NA | AW117: NA | AX117: NA | AY117: NA | AZ117: NA | BA117: NA | BB117: NA | BC117: NA | BD117: NA | BE117: NA | BF117: NA | BG117: NA | BH117: NA | BI117: NA | BJ117: NA | BK117: NA | BL117: NA | BM117: NA | BN117: NA | BO117: NA | BP117: NA | BQ117: NA | BR117: NA | BS117: NA | BT117: NA | BU117: NA | BV117: TRUE | BW117: NA | BX117: NA | BY117: NA | BZ117: NA | CA117: NA | CB117: TRUE | CC117: NA | CD117: NA | CE117: NA | CF117: NA | CG117: NA | CH117: NA | CI117: TRUE | CJ117: NA | CK117: NA | CL117: NA | CM117: NA | CN117: NA | CO117: NA | CP117: TRUE | CQ117: NA | CR117: NA | CS117: NA | CT117: NA | CU117: NA | CV117: NA | CW117: NA
