Workbook

Sheet Info
A1: CRITERIA TO ANALYZE MODEL OUTPUTS WHEN SIMULATING EFFECTS
A3: Ecosystem modeling of mesocosm studies: Azoxystrobin effect validation criteria - 2-application scenario
A4: Date: Jan 25 2023
A5: Prepared by: Chiara Accolla, Amelie Schmolke
B6: The following sheets in this file provide the numerical effect criteria for relevant,treatment-related effects and templates for the reporting of the effect VALIDATION outcomes. The following points summarize the steps for presentation of the simulated effects. Relevant, treatment-related effects that apply to consensus species groups were only observed in the highest treatment level (33 µg ai/L) applied in the 2021 AZT mesocsom study and thus, all criteria listed apply to this treatment level only. Reporting on simulated effects in species groups without observed, treatment-related effects in the mesocosm study is not included in this template (see Section II. in the accompanying document).
B7: Instructions: In each tab, fill in the simulated percentage effect size.
A9: **** | B9: Note: you will have to fill some extra dates in comparison to the dates you filled in the effect-calibration simulations
A10: **** | B10: Graphical instructions: you will have to prepare the same graphs you did for the effect-calibration simuatiations. For each species group, you will plot:
B11: 1. the biomass/abundance/chl-a resulting from the simulated control and treatment
B12: 2. the % simulated effect size and the MDD grey area (this latter will be the same as the one plotted in the effect-calibration figures).

Sheet Phytoplankton
A2: Species group
A3: Diatoms | B3: Model output for the 2-application study
A4: Date | B4: 44364 | C4: 44368 | D4: 44372 | E4: 44377 | F4: 44382 | G4: 44384 | H4: 44390 | I4: 44391 | J4: 44398 | K4: 44405 | L4: 44412 | M4: 44418 | N4: 44419 | O4: 44426 | P4: 44432 | Q4: 44433 | R4: 44439 | S4: 44440 | T4: 44446 | U4: 44447
A5: Day after first application | B5: day 1 | C5: day 5 | D5: day 9 | E5: day 14 | F5: day 19 | G5: day 21 | H5: day 27 | I5: day 28 | J5: day 35 | K5: day 42 | L5: day 49 | M5: day 55 | N5: day 56 | O5: day 63 | P5: day 69 | Q5: day 70 | R5: day 76 | S5: day 77 | T5: day 83 | U5: day 84
A6: Simulated effect size [%] | B6: =INDEX(raw_data_effect!$1:$1048576,MATCH(B$5,raw_data_effect!$I:$I,0),MATCH($A$3,raw_data_effect!$1:$1,0)) -> -0.20851852 | C6: =INDEX(raw_data_effect!$1:$1048576,MATCH(C$5,raw_data_effect!$I:$I,0),MATCH($A$3,raw_data_effect!$1:$1,0)) -> -0.44296627 | D6: =INDEX(raw_data_effect!$1:$1048576,MATCH(D$5,raw_data_effect!$I:$I,0),MATCH($A$3,raw_data_effect!$1:$1,0)) -> -0.75059605 | E6: =INDEX(raw_data_effect!$1:$1048576,MATCH(E$5,raw_data_effect!$I:$I,0),MATCH($A$3,raw_data_effect!$1:$1,0)) -> -1.3140461 | F6: =INDEX(raw_data_effect!$1:$1048576,MATCH(F$5,raw_data_effect!$I:$I,0),MATCH($A$3,raw_data_effect!$1:$1,0)) -> -2.0286263 | G6: =INDEX(raw_data_effect!$1:$1048576,MATCH(G$5,raw_data_effect!$I:$I,0),MATCH($A$3,raw_data_effect!$1:$1,0)) -> -2.3652995 | H6: =INDEX(raw_data_effect!$1:$1048576,MATCH(H$5,raw_data_effect!$I:$I,0),MATCH($A$3,raw_data_effect!$1:$1,0)) -> -3.5776372 | I6: =INDEX(raw_data_effect!$1:$1048576,MATCH(I$5,raw_data_effect!$I:$I,0),MATCH($A$3,raw_data_effect!$1:$1,0)) -> -3.8186054 | ... U6: =INDEX(raw_data_effect!$1:$1048576,MATCH(U$5,raw_data_effect!$I:$I,0),MATCH($A$3,raw_data_effect!$1:$1,0)) -> -17.114698
A11: Species group
A12: Cryptophytes | B12: Model output for the 2-application study
A13: Date | B13: 44364 | C13: 44368 | D13: 44372 | E13: 44377 | F13: 44382 | G13: 44384 | H13: 44390 | I13: 44391 | J13: 44398 | K13: 44405 | L13: 44412 | M13: 44418 | N13: 44419 | O13: 44426 | P13: 44432 | Q13: 44433 | R13: 44439 | S13: 44440 | T13: 44446 | U13: 44447
A14: Day after first application | B14: day 1 | C14: day 5 | D14: day 9 | E14: day 14 | F14: day 19 | G14: day 21 | H14: day 27 | I14: day 28 | J14: day 35 | K14: day 42 | L14: day 49 | M14: day 55 | N14: day 56 | O14: day 63 | P14: day 69 | Q14: day 70 | R14: day 76 | S14: day 77 | T14: day 83 | U14: day 84
A15: Simulated effect size [%] | B15: =INDEX(raw_data_effect!$1:$1048576,MATCH(B$14,raw_data_effect!$I:$I,0),MATCH($A$12,raw_data_effect!$1:$1,0)) -> -0.18986605 | C15: =INDEX(raw_data_effect!$1:$1048576,MATCH(C$14,raw_data_effect!$I:$I,0),MATCH($A$12,raw_data_effect!$1:$1,0)) -> -0.41863043 | D15: =INDEX(raw_data_effect!$1:$1048576,MATCH(D$14,raw_data_effect!$I:$I,0),MATCH($A$12,raw_data_effect!$1:$1,0)) -> -0.7236277 | E15: =INDEX(raw_data_effect!$1:$1048576,MATCH(E$14,raw_data_effect!$I:$I,0),MATCH($A$12,raw_data_effect!$1:$1,0)) -> -1.2837478 | F15: =INDEX(raw_data_effect!$1:$1048576,MATCH(F$14,raw_data_effect!$I:$I,0),MATCH($A$12,raw_data_effect!$1:$1,0)) -> -1.9965124 | G15: =INDEX(raw_data_effect!$1:$1048576,MATCH(G$14,raw_data_effect!$I:$I,0),MATCH($A$12,raw_data_effect!$1:$1,0)) -> -2.3326866 | H15: =INDEX(raw_data_effect!$1:$1048576,MATCH(H$14,raw_data_effect!$I:$I,0),MATCH($A$12,raw_data_effect!$1:$1,0)) -> -3.5442991 | I15: =INDEX(raw_data_effect!$1:$1048576,MATCH(I$14,raw_data_effect!$I:$I,0),MATCH($A$12,raw_data_effect!$1:$1,0)) -> -3.7853055 | ... U15: =INDEX(raw_data_effect!$1:$1048576,MATCH(U$14,raw_data_effect!$I:$I,0),MATCH($A$12,raw_data_effect!$1:$1,0)) -> -17.081492
A33: Date | B33: 44372 | C33: 44377 | D33: 44382 | E33: 44391 | F33: 44398 | G33: 44405 | H33: 44412 | I33: 44419 | J33: 44426 | K33: 44433 | L33: 44440 | M33: 44447
A34: Day after first application | B34: 9 | C34: 14 | D34: 19 | E34: 28 | F34: 35 | G34: 42 | H34: 49 | I34: 56 | J34: 63 | K34: 70 | L34: 77 | M34: 84
A35: Simulated effect size [%]
A36: ME

Sheet Copepoda predatory
A1: **** NOTE | B1: You have to fill this table (and the table in the next sheet) only if you explicitly represented Nauplii
A3: Species group
A4: Copepodit + adults | B4: Model output for the 2-application study
A5: Date | B5: 44364 | C5: 44368 | D5: 44369 | E5: 44372 | F5: 44375 | G5: 44378 | H5: 44382 | I5: 44385 | J5: 44389 | K5: 44392 | L5: 44396 | M5: 44399 | N5: 44403 | O5: 44406 | P5: 44410 | Q5: 44413 | R5: 44417 | S5: 44420 | T5: 44424 | U5: 44427 | V5: 44431 | W5: 44434 | X5: 44438 | Y5: 44440 | Z5: 44445 | AA5: 44448
A6: Day after first application | B6: day 1 | C6: day 5 | D6: day 7 | E6: day 9 | F6: day 12 | G6: day 15 | H6: day 19 | I6: day 22 | J6: day 26 | K6: day 29 | L6: day 33 | M6: day 36 | N6: day 40 | O6: day 43 | P6: day 47 | Q6: day 50 | R6: day 54 | S6: day 57 | T6: day 61 | U6: day 64 | V6: day 68 | W6: day 71 | X6: day 75 | Y6: day 77 | Z6: day 82 | AA6: day 85
A7: Simulated effect size [%]

Sheet Nauplia
A1: **** NOTE | B1: You have to fill this table (and the table in the previous sheet) only if you explicitly represented Nauplii
A3: Species group
A4: Nauplia | B4: Model output for the 2-application study
A5: Date | B5: 44364 | C5: 44368 | D5: 44369 | E5: 44372 | F5: 44375 | G5: 44378 | H5: 44382 | I5: 44385 | J5: 44389 | K5: 44392 | L5: 44396 | M5: 44399 | N5: 44403 | O5: 44406 | P5: 44410 | Q5: 44413 | R5: 44417 | S5: 44420 | T5: 44424 | U5: 44427 | V5: 44431 | W5: 44434 | X5: 44438 | Y5: 44440 | Z5: 44445 | AA5: 44448
A6: Day after first application | B6: day 1 | C6: day 5 | D6: day 7 | E6: day 9 | F6: day 12 | G6: day 15 | H6: day 19 | I6: day 22 | J6: day 26 | K6: day 29 | L6: day 33 | M6: day 36 | N6: day 40 | O6: day 43 | P6: day 47 | Q6: day 50 | R6: day 54 | S6: day 57 | T6: day 61 | U6: day 64 | V6: day 68 | W6: day 71 | X6: day 75 | Y6: day 77 | Z6: day 82 | AA6: day 85
A7: Simulated effect size [%]

Sheet Copepoda predatory - ALL
A1: **** NOTE | B1: You have to fill this table only if you DID NOT explicitly represented Nauplii
A3: Species group
A4: Sum Copepoda | B4: Model output for the 2-application study
A5: Date | B5: 44364 | C5: 44368 | D5: 44369 | E5: 44372 | F5: 44375 | G5: 44378 | H5: 44382 | I5: 44385 | J5: 44389 | K5: 44392 | L5: 44396 | M5: 44399 | N5: 44403 | O5: 44406 | P5: 44410 | Q5: 44413 | R5: 44417 | S5: 44420 | T5: 44424 | U5: 44427 | V5: 44431 | W5: 44434 | X5: 44438 | Y5: 44440 | Z5: 44445 | AA5: 44448
A6: Day after first application | B6: day 1 | C6: day 5 | D6: day 7 | E6: day 9 | F6: day 12 | G6: day 15 | H6: day 19 | I6: day 22 | J6: day 26 | K6: day 29 | L6: day 33 | M6: day 36 | N6: day 40 | O6: day 43 | P6: day 47 | Q6: day 50 | R6: day 54 | S6: day 57 | T6: day 61 | U6: day 64 | V6: day 68 | W6: day 71 | X6: day 75 | Y6: day 77 | Z6: day 82 | AA6: day 85
A7: Simulated effect size [%] | B7: =INDEX(raw_data_effect!$1:$1048576,MATCH(B$6,raw_data_effect!$I:$I,0),MATCH($A$4,raw_data_effect!$1:$1,0)) -> 0.19487394 | C7: =INDEX(raw_data_effect!$1:$1048576,MATCH(C$6,raw_data_effect!$I:$I,0),MATCH($A$4,raw_data_effect!$1:$1,0)) -> 0.44475014 | D7: =INDEX(raw_data_effect!$1:$1048576,MATCH(D$6,raw_data_effect!$I:$I,0),MATCH($A$4,raw_data_effect!$1:$1,0)) -> 0.58582233 | E7: =INDEX(raw_data_effect!$1:$1048576,MATCH(E$6,raw_data_effect!$I:$I,0),MATCH($A$4,raw_data_effect!$1:$1,0)) -> 0.73398382 | F7: =INDEX(raw_data_effect!$1:$1048576,MATCH(F$6,raw_data_effect!$I:$I,0),MATCH($A$4,raw_data_effect!$1:$1,0)) -> 0.96915522 | G7: =INDEX(raw_data_effect!$1:$1048576,MATCH(G$6,raw_data_effect!$I:$I,0),MATCH($A$4,raw_data_effect!$1:$1,0)) -> 1.2182539 | H7: =INDEX(raw_data_effect!$1:$1048576,MATCH(H$6,raw_data_effect!$I:$I,0),MATCH($A$4,raw_data_effect!$1:$1,0)) -> 1.4901313 | I7: =INDEX(raw_data_effect!$1:$1048576,MATCH(I$6,raw_data_effect!$I:$I,0),MATCH($A$4,raw_data_effect!$1:$1,0)) -> 1.6806502 | ... AA7: =INDEX(raw_data_effect!$1:$1048576,MATCH(AA$6,raw_data_effect!$I:$I,0),MATCH($A$4,raw_data_effect!$1:$1,0)) -> 2.9535572

Sheet Rotifera herbivorous 2
A2: Species group
A3: Sum Rotatoria | B3: Model output for the 2-application study
A4: Date | B4: 44364 | C4: 44368 | D4: 44369 | E4: 44372 | F4: 44375 | G4: 44378 | H4: 44382 | I4: 44385 | J4: 44389 | K4: 44392 | L4: 44396 | M4: 44399 | N4: 44403 | O4: 44406 | P4: 44410 | Q4: 44413 | R4: 44417 | S4: 44420 | T4: 44424 | U4: 44427 | V4: 44431 | W4: 44434 | X4: 44438 | Y4: 44440 | Z4: 44445 | AA4: 44448
A5: Day after first application | B5: day 1 | C5: day 5 | D5: day 7 | E5: day 9 | F5: day 12 | G5: day 15 | H5: day 19 | I5: day 22 | J5: day 26 | K5: day 29 | L5: day 33 | M5: day 36 | N5: day 40 | O5: day 43 | P5: day 47 | Q5: day 50 | R5: day 54 | S5: day 57 | T5: day 61 | U5: day 64 | V5: day 68 | W5: day 71 | X5: day 75 | Y5: day 77 | Z5: day 82 | AA5: day 85
A6: Simulated effect size [%] | B6: =INDEX(raw_data_effect!$1:$1048576,MATCH(B$5,raw_data_effect!$I:$I,0),MATCH($A$3,raw_data_effect!$1:$1,0)) -> 2.7165255 | C6: =INDEX(raw_data_effect!$1:$1048576,MATCH(C$5,raw_data_effect!$I:$I,0),MATCH($A$3,raw_data_effect!$1:$1,0)) -> 4.1845295 | D6: =INDEX(raw_data_effect!$1:$1048576,MATCH(D$5,raw_data_effect!$I:$I,0),MATCH($A$3,raw_data_effect!$1:$1,0)) -> 4.8775779 | E6: =INDEX(raw_data_effect!$1:$1048576,MATCH(E$5,raw_data_effect!$I:$I,0),MATCH($A$3,raw_data_effect!$1:$1,0)) -> 5.5497701 | F6: =INDEX(raw_data_effect!$1:$1048576,MATCH(F$5,raw_data_effect!$I:$I,0),MATCH($A$3,raw_data_effect!$1:$1,0)) -> 6.5325162 | G6: =INDEX(raw_data_effect!$1:$1048576,MATCH(G$5,raw_data_effect!$I:$I,0),MATCH($A$3,raw_data_effect!$1:$1,0)) -> 7.5301383 | H6: =INDEX(raw_data_effect!$1:$1048576,MATCH(H$5,raw_data_effect!$I:$I,0),MATCH($A$3,raw_data_effect!$1:$1,0)) -> 8.5918449 | I6: =INDEX(raw_data_effect!$1:$1048576,MATCH(I$5,raw_data_effect!$I:$I,0),MATCH($A$3,raw_data_effect!$1:$1,0)) -> 9.3541765 | ... AA6: =INDEX(raw_data_effect!$1:$1048576,MATCH(AA$5,raw_data_effect!$I:$I,0),MATCH($A$3,raw_data_effect!$1:$1,0)) -> 24.637797

Sheet Cladocera small
A1: CladoceraSmall
A2: Species group
A3: Sum Rotatoria | B3: Model output for the 2-application study
A4: Date | B4: 44364 | C4: 44368 | D4: 44369 | E4: 44372 | F4: 44375 | G4: 44378 | H4: 44382 | I4: 44385 | J4: 44389 | K4: 44392 | L4: 44396 | M4: 44399 | N4: 44403 | O4: 44406 | P4: 44410 | Q4: 44413 | R4: 44417 | S4: 44420 | T4: 44424 | U4: 44427 | V4: 44431 | W4: 44434 | X4: 44438 | Y4: 44440 | Z4: 44445 | AA4: 44448
A5: Day after first application | B5: day 1 | C5: day 5 | D5: day 7 | E5: day 9 | F5: day 12 | G5: day 15 | H5: day 19 | I5: day 22 | J5: day 26 | K5: day 29 | L5: day 33 | M5: day 36 | N5: day 40 | O5: day 43 | P5: day 47 | Q5: day 50 | R5: day 54 | S5: day 57 | T5: day 61 | U5: day 64 | V5: day 68 | W5: day 71 | X5: day 75 | Y5: day 77 | Z5: day 82 | AA5: day 85
A6: Simulated effect size [%] | B6: =INDEX(raw_data_effect!$1:$1048576,MATCH(B$5,raw_data_effect!$I:$I,0),MATCH($A$1,raw_data_effect!$1:$1,0)) -> 1.9239351 | C6: =INDEX(raw_data_effect!$1:$1048576,MATCH(C$5,raw_data_effect!$I:$I,0),MATCH($A$1,raw_data_effect!$1:$1,0)) -> 2.9178329 | D6: =INDEX(raw_data_effect!$1:$1048576,MATCH(D$5,raw_data_effect!$I:$I,0),MATCH($A$1,raw_data_effect!$1:$1,0)) -> 3.3836354 | E6: =INDEX(raw_data_effect!$1:$1048576,MATCH(E$5,raw_data_effect!$I:$I,0),MATCH($A$1,raw_data_effect!$1:$1,0)) -> 3.8404844 | F6: =INDEX(raw_data_effect!$1:$1048576,MATCH(F$5,raw_data_effect!$I:$I,0),MATCH($A$1,raw_data_effect!$1:$1,0)) -> 4.5354071 | G6: =INDEX(raw_data_effect!$1:$1048576,MATCH(G$5,raw_data_effect!$I:$I,0),MATCH($A$1,raw_data_effect!$1:$1,0)) -> 5.2764812 | H6: =INDEX(raw_data_effect!$1:$1048576,MATCH(H$5,raw_data_effect!$I:$I,0),MATCH($A$1,raw_data_effect!$1:$1,0)) -> 6.1367922 | I6: =INDEX(raw_data_effect!$1:$1048576,MATCH(I$5,raw_data_effect!$I:$I,0),MATCH($A$1,raw_data_effect!$1:$1,0)) -> 6.8064319 | ... AA6: =INDEX(raw_data_effect!$1:$1048576,MATCH(AA$5,raw_data_effect!$I:$I,0),MATCH($A$1,raw_data_effect!$1:$1,0)) -> 22.648203

Sheet Daphnidae
A2: Species group
A3: Daphnia | B3: Model output for the 2-application study
A4: Date | B4: 44364 | C4: 44368 | D4: 44369 | E4: 44372 | F4: 44375 | G4: 44378 | H4: 44382 | I4: 44385 | J4: 44389 | K4: 44392 | L4: 44396 | M4: 44399 | N4: 44403 | O4: 44406 | P4: 44410 | Q4: 44413 | R4: 44417 | S4: 44420 | T4: 44424 | U4: 44427 | V4: 44431 | W4: 44434 | X4: 44438 | Y4: 44440 | Z4: 44445 | AA4: 44448
A5: Day after first application | B5: day 1 | C5: day 5 | D5: day 7 | E5: day 9 | F5: day 12 | G5: day 15 | H5: day 19 | I5: day 22 | J5: day 26 | K5: day 29 | L5: day 33 | M5: day 36 | N5: day 40 | O5: day 43 | P5: day 47 | Q5: day 50 | R5: day 54 | S5: day 57 | T5: day 61 | U5: day 64 | V5: day 68 | W5: day 71 | X5: day 75 | Y5: day 77 | Z5: day 82 | AA5: day 85
A6: Simulated effect size [%] | B6: =INDEX(raw_data_effect!$1:$1048576,MATCH(B$5,raw_data_effect!$I:$I,0),MATCH($A$3,raw_data_effect!$1:$1,0)) -> 2.5845716 | C6: =INDEX(raw_data_effect!$1:$1048576,MATCH(C$5,raw_data_effect!$I:$I,0),MATCH($A$3,raw_data_effect!$1:$1,0)) -> 3.9087755 | D6: =INDEX(raw_data_effect!$1:$1048576,MATCH(D$5,raw_data_effect!$I:$I,0),MATCH($A$3,raw_data_effect!$1:$1,0)) -> 4.5265085 | E6: =INDEX(raw_data_effect!$1:$1048576,MATCH(E$5,raw_data_effect!$I:$I,0),MATCH($A$3,raw_data_effect!$1:$1,0)) -> 5.1304045 | F6: =INDEX(raw_data_effect!$1:$1048576,MATCH(F$5,raw_data_effect!$I:$I,0),MATCH($A$3,raw_data_effect!$1:$1,0)) -> 6.0455808 | G6: =INDEX(raw_data_effect!$1:$1048576,MATCH(G$5,raw_data_effect!$I:$I,0),MATCH($A$3,raw_data_effect!$1:$1,0)) -> 7.0180797 | H6: =INDEX(raw_data_effect!$1:$1048576,MATCH(H$5,raw_data_effect!$I:$I,0),MATCH($A$3,raw_data_effect!$1:$1,0)) -> 8.1426728 | I6: =INDEX(raw_data_effect!$1:$1048576,MATCH(I$5,raw_data_effect!$I:$I,0),MATCH($A$3,raw_data_effect!$1:$1,0)) -> 9.0154929 | ... AA6: =INDEX(raw_data_effect!$1:$1048576,MATCH(AA$5,raw_data_effect!$I:$I,0),MATCH($A$3,raw_data_effect!$1:$1,0)) -> 29.432614

Sheet no effect
A4: 88% of the species - sampling date combinations fulfill the criterion of no effect (effect size <20%)

Sheet raw_data_effect
B1: Diatoms | C1: Cryptophytes | D1: Sum Copepoda | E1: Sum Rotatoria | F1: CladoceraSmall | G1: Daphnia
B2: E212p33_hab1_PhDiatoms_Algae | C2: E212p33_hab1_PhCryptophytes_Algae | D2: E212p33_hab1_CopepodaPredatory_Invertebrates | E2: E212p33_hab1_RotiferaHerbivorous2_Invertebrates | F2: E212p33_hab1_CladoceraSmall_Invertebrates | G2: E212p33_hab1_Daphnidae_Invertebrates | H2: sim.b$DAT | I2: DAT 1 =17.06.2021
A3: 1 | B3: 0 | C3: 0 | D3: 0 | E3: 0 | F3: 0 | G3: 0 | H3: -9 | I3: ="day "&H3 -> day -9
A4: 2 | B4: -0.0029098156 | C4: -0.0010390477 | D4: -0.00080908917 | E4: 0.16017276 | F4: 0.11842166 | G4: 0.15810184 | H4: -8 | I4: ="day "&H4 -> day -8
A5: 3 | B5: -0.0097128462 | C5: -0.0057824526 | D5: 0.0013978629 | E5: 0.4170221 | F5: 0.30540845 | G5: 0.41031206 | H5: -7 | I5: ="day "&H5 -> day -7
A6: 4 | B6: -0.020122269 | C6: -0.014239185 | D6: 0.0078161174 | E6: 0.67361421 | F6: 0.49078757 | G6: 0.66035663 | H6: -6 | I6: ="day "&H6 -> day -6
A7: 5 | B7: -0.034825171 | C7: -0.026965405 | D7: 0.019074768 | E7: 0.94462029 | F7: 0.68517327 | G7: 0.92229116 | H7: -5 | I7: ="day "&H7 -> day -5
A8: 6 | B8: -0.052567137 | C8: -0.042945469 | D8: 0.034478381 | E8: 1.2107593 | F8: 0.87461523 | G8: 1.1773078 | H8: -4 | I8: ="day "&H8 -> day -4
A9: 7 | B9: -0.073887937 | C9: -0.062451502 | D9: 0.054447279 | E9: 1.4818395 | F9: 1.0660179 | G9: 1.4347608 | H9: -3 | I9: ="day "&H9 -> day -3
A10: 8 | B10: -0.099859672 | C10: -0.086529899 | D10: 0.080049581 | E10: 1.7688036 | F10: 1.2671498 | G10: 1.7049913 | H10: -2 | I10: ="day "&H10 -> day -2
A11: 9 | B11: -0.12932961 | C11: -0.11421809 | D11: 0.1102631 | E11: 2.0572635 | F11: 1.4682277 | G11: 1.9747244 | H11: -1 | I11: ="day "&H11 -> day -1
A12: 10 | B12: -0.16560178 | C12: -0.148677 | D12: 0.14860891 | E12: 2.3759034 | F12: 1.6891736 | G12: 2.2706545 | H12: 0 | I12: ="day "&H12 -> day 0
A13: 11 | B13: -0.20851852 | C13: -0.18986605 | D13: 0.19487394 | E13: 2.7165255 | F13: 1.9239351 | G13: 2.5845716 | H13: 1 | I13: ="day "&H13 -> day 1
A14: 12 | B14: -0.25882069 | C14: -0.23855269 | D14: 0.24948367 | E14: 3.0799223 | F14: 2.1721471 | G14: 2.9160145 | H14: 2 | I14: ="day "&H14 -> day 2
... A102: 100 | B102: -18.17615 | C102: -18.143269 | D102: 2.9704043 | E102: 25.864951 | F102: 23.783991 | G102: 30.893661 | H102: 90 | I102: ="day "&H102 -> day 90

Sheet raw_data_no_effect
A6: How many species - sampling days fulfill the criterion? (criterion: effect size <20%)
A8: TRUE | B8: =COUNTIF($B$17:$CW$58,"TRUE") -> 3484 | C8: =B8/$B$11 -> 0.82952381
A9: FALSE | B9: =COUNTIF($B$17:$CW$58,"FALSE") -> 520 | C9: =B9/$B$11 -> 0.12380952
A10: NA | B10: =COUNTIF($B$17:$CW$58,"NA") -> 196 | C10: =B10/$B$11 -> 0.046666667
A11: Total | B11: =SUM(B8:B10) -> 4200
A12: Score | B12: =B10+B8 -> 3680 | C12: =B12/$B$11 -> 0.87619048
B16: 0 | C16: 0.0027 | D16: 0.0055 | E16: 0.0082 | F16: 0.011 | G16: 0.0137 | H16: 0.0164 | I16: 0.0192 | J16: 0.0219 | K16: 0.0247 | L16: 0.0274 | M16: 0.0301 | N16: 0.0329 | O16: 0.0356 | P16: 0.0384 | Q16: 0.0411 | R16: 0.0438 | S16: 0.0466 | T16: 0.0493 | U16: 0.0521 | V16: 0.0548 | W16: 0.0575 | X16: 0.0603 | Y16: 0.063 | Z16: 0.0658 | AA16: 0.0685 | AB16: 0.0712 | AC16: 0.074 | AD16: 0.0767 | AE16: 0.0795 | AF16: 0.0822 | AG16: 0.0849 | AH16: 0.0877 | AI16: 0.0904 | AJ16: 0.0932 | AK16: 0.0959 | AL16: 0.0986 | AM16: 0.1014 | AN16: 0.1041 | AO16: 0.1068 | AP16: 0.1096 | AQ16: 0.1123 | AR16: 0.1151 | AS16: 0.1178 | AT16: 0.1205 | AU16: 0.1233 | AV16: 0.126 | AW16: 0.1288 | AX16: 0.1315 | AY16: 0.1342 | AZ16: 0.137 | BA16: 0.1397 | BB16: 0.1425 | BC16: 0.1452 | BD16: 0.1479 | BE16: 0.1507 | BF16: 0.1534 | BG16: 0.1562 | BH16: 0.1589 | BI16: 0.1616 | BJ16: 0.1644 | BK16: 0.1671 | BL16: 0.1699 | BM16: 0.1726 | BN16: 0.1753 | BO16: 0.1781 | BP16: 0.1808 | BQ16: 0.1836 | BR16: 0.1863 | BS16: 0.189 | BT16: 0.1918 | BU16: 0.1945 | BV16: 0.1973 | BW16: 0.2 | BX16: 0.2027 | BY16: 0.2055 | BZ16: 0.2082 | CA16: 0.211 | CB16: 0.2137 | CC16: 0.2164 | CD16: 0.2192 | CE16: 0.2219 | CF16: 0.2247 | CG16: 0.2274 | CH16: 0.2301 | CI16: 0.2329 | CJ16: 0.2356 | CK16: 0.2384 | CL16: 0.2411 | CM16: 0.2438 | CN16: 0.24657534 | CO16: 0.24931507 | CP16: 0.25205479 | CQ16: 0.25479452 | CR16: 0.25753425 | CS16: 0.26027397 | CT16: 0.2630137 | CU16: 0.26575342 | CV16: 0.26849315 | CW16: 0.27123288
A17: E212p10_hab1_PhBlueGreens_Algae | B17: TRUE | C17: TRUE | D17: TRUE | E17: TRUE | F17: TRUE | G17: TRUE | H17: TRUE | I17: TRUE | J17: TRUE | K17: TRUE | L17: TRUE | M17: TRUE | N17: TRUE | O17: TRUE | P17: TRUE | Q17: TRUE | R17: TRUE | S17: TRUE | T17: TRUE | U17: TRUE | V17: TRUE | W17: TRUE | X17: TRUE | Y17: TRUE | Z17: TRUE | AA17: TRUE | AB17: TRUE | AC17: TRUE | AD17: TRUE | AE17: TRUE | AF17: TRUE | AG17: TRUE | AH17: TRUE | AI17: TRUE | AJ17: TRUE | AK17: TRUE | AL17: TRUE | AM17: TRUE | AN17: TRUE | AO17: TRUE | AP17: TRUE | AQ17: TRUE | AR17: TRUE | AS17: TRUE | AT17: TRUE | AU17: TRUE | AV17: TRUE | AW17: TRUE | AX17: TRUE | AY17: TRUE | AZ17: TRUE | BA17: TRUE | BB17: TRUE | BC17: TRUE | BD17: TRUE | BE17: TRUE | BF17: TRUE | BG17: TRUE | BH17: TRUE | BI17: TRUE | BJ17: TRUE | BK17: TRUE | BL17: TRUE | BM17: TRUE | BN17: TRUE | BO17: TRUE | BP17: TRUE | BQ17: TRUE | BR17: TRUE | BS17: TRUE | BT17: TRUE | BU17: TRUE | BV17: TRUE | BW17: TRUE | BX17: TRUE | BY17: TRUE | BZ17: TRUE | CA17: TRUE | CB17: TRUE | CC17: TRUE | CD17: TRUE | CE17: TRUE | CF17: TRUE | CG17: TRUE | CH17: TRUE | CI17: TRUE | CJ17: TRUE | CK17: TRUE | CL17: TRUE | CM17: TRUE | CN17: TRUE | CO17: TRUE | CP17: TRUE | CQ17: FALSE | CR17: FALSE | CS17: FALSE | CT17: FALSE | CU17: FALSE | CV17: FALSE | CW17: FALSE
A18: E212p10_hab1_PhGreens_Algae | B18: TRUE | C18: TRUE | D18: TRUE | E18: TRUE | F18: TRUE | G18: TRUE | H18: TRUE | I18: TRUE | J18: TRUE | K18: TRUE | L18: TRUE | M18: TRUE | N18: TRUE | O18: TRUE | P18: TRUE | Q18: TRUE | R18: TRUE | S18: TRUE | T18: TRUE | U18: TRUE | V18: TRUE | W18: TRUE | X18: TRUE | Y18: TRUE | Z18: TRUE | AA18: TRUE | AB18: TRUE | AC18: TRUE | AD18: TRUE | AE18: TRUE | AF18: TRUE | AG18: TRUE | AH18: TRUE | AI18: TRUE | AJ18: TRUE | AK18: TRUE | AL18: TRUE | AM18: TRUE | AN18: TRUE | AO18: TRUE | AP18: TRUE | AQ18: TRUE | AR18: TRUE | AS18: TRUE | AT18: TRUE | AU18: TRUE | AV18: TRUE | AW18: TRUE | AX18: TRUE | AY18: TRUE | AZ18: TRUE | BA18: TRUE | BB18: TRUE | BC18: TRUE | BD18: TRUE | BE18: TRUE | BF18: TRUE | BG18: TRUE | BH18: TRUE | BI18: TRUE | BJ18: TRUE | BK18: TRUE | BL18: TRUE | BM18: TRUE | BN18: TRUE | BO18: TRUE | BP18: TRUE | BQ18: TRUE | BR18: TRUE | BS18: TRUE | BT18: TRUE | BU18: TRUE | BV18: TRUE | BW18: TRUE | BX18: TRUE | BY18: TRUE | BZ18: TRUE | CA18: TRUE | CB18: TRUE | CC18: TRUE | CD18: TRUE | CE18: TRUE | CF18: TRUE | CG18: TRUE | CH18: TRUE | CI18: TRUE | CJ18: TRUE | CK18: TRUE | CL18: TRUE | CM18: TRUE | CN18: TRUE | CO18: TRUE | CP18: TRUE | CQ18: TRUE | CR18: TRUE | CS18: TRUE | CT18: TRUE | CU18: TRUE | CV18: TRUE | CW18: TRUE
A19: E212p10_hab1_PhDiatoms_Algae | B19: TRUE | C19: TRUE | D19: TRUE | E19: TRUE | F19: TRUE | G19: TRUE | H19: TRUE | I19: TRUE | J19: TRUE | K19: TRUE | L19: TRUE | M19: TRUE | N19: TRUE | O19: TRUE | P19: TRUE | Q19: TRUE | R19: TRUE | S19: TRUE | T19: TRUE | U19: TRUE | V19: TRUE | W19: TRUE | X19: TRUE | Y19: TRUE | Z19: TRUE | AA19: TRUE | AB19: TRUE | AC19: TRUE | AD19: TRUE | AE19: TRUE | AF19: TRUE | AG19: TRUE | AH19: TRUE | AI19: TRUE | AJ19: TRUE | AK19: TRUE | AL19: TRUE | AM19: TRUE | AN19: TRUE | AO19: TRUE | AP19: TRUE | AQ19: TRUE | AR19: TRUE | AS19: TRUE | AT19: TRUE | AU19: TRUE | AV19: TRUE | AW19: TRUE | AX19: TRUE | AY19: TRUE | AZ19: TRUE | BA19: TRUE | BB19: TRUE | BC19: TRUE | BD19: TRUE | BE19: TRUE | BF19: TRUE | BG19: TRUE | BH19: TRUE | BI19: TRUE | BJ19: TRUE | BK19: TRUE | BL19: TRUE | BM19: TRUE | BN19: TRUE | BO19: TRUE | BP19: TRUE | BQ19: TRUE | BR19: TRUE | BS19: TRUE | BT19: TRUE | BU19: TRUE | BV19: TRUE | BW19: TRUE | BX19: TRUE | BY19: TRUE | BZ19: TRUE | CA19: TRUE | CB19: TRUE | CC19: TRUE | CD19: TRUE | CE19: TRUE | CF19: TRUE | CG19: TRUE | CH19: TRUE | CI19: TRUE | CJ19: TRUE | CK19: TRUE | CL19: TRUE | CM19: TRUE | CN19: TRUE | CO19: TRUE | CP19: TRUE | CQ19: TRUE | CR19: TRUE | CS19: TRUE | CT19: TRUE | CU19: TRUE | CV19: TRUE | CW19: TRUE
A20: E212p10_hab1_PhCryptophytes_Algae | B20: TRUE | C20: TRUE | D20: TRUE | E20: TRUE | F20: TRUE | G20: TRUE | H20: TRUE | I20: TRUE | J20: TRUE | K20: TRUE | L20: TRUE | M20: TRUE | N20: TRUE | O20: TRUE | P20: TRUE | Q20: TRUE | R20: TRUE | S20: TRUE | T20: TRUE | U20: TRUE | V20: TRUE | W20: TRUE | X20: TRUE | Y20: TRUE | Z20: TRUE | AA20: TRUE | AB20: TRUE | AC20: TRUE | AD20: TRUE | AE20: TRUE | AF20: TRUE | AG20: TRUE | AH20: TRUE | AI20: TRUE | AJ20: TRUE | AK20: TRUE | AL20: TRUE | AM20: TRUE | AN20: TRUE | AO20: TRUE | AP20: TRUE | AQ20: TRUE | AR20: TRUE | AS20: TRUE | AT20: TRUE | AU20: TRUE | AV20: TRUE | AW20: TRUE | AX20: TRUE | AY20: TRUE | AZ20: TRUE | BA20: TRUE | BB20: TRUE | BC20: TRUE | BD20: TRUE | BE20: TRUE | BF20: TRUE | BG20: TRUE | BH20: TRUE | BI20: TRUE | BJ20: TRUE | BK20: TRUE | BL20: TRUE | BM20: TRUE | BN20: TRUE | BO20: TRUE | BP20: TRUE | BQ20: TRUE | BR20: TRUE | BS20: TRUE | BT20: TRUE | BU20: TRUE | BV20: TRUE | BW20: TRUE | BX20: TRUE | BY20: TRUE | BZ20: TRUE | CA20: TRUE | CB20: TRUE | CC20: TRUE | CD20: TRUE | CE20: TRUE | CF20: TRUE | CG20: TRUE | CH20: TRUE | CI20: TRUE | CJ20: TRUE | CK20: TRUE | CL20: TRUE | CM20: TRUE | CN20: TRUE | CO20: TRUE | CP20: TRUE | CQ20: TRUE | CR20: TRUE | CS20: TRUE | CT20: TRUE | CU20: TRUE | CV20: TRUE | CW20: TRUE
A21: E212p10_hab1_PeBlueGreens_Algae | B21: TRUE | C21: TRUE | D21: TRUE | E21: TRUE | F21: TRUE | G21: TRUE | H21: TRUE | I21: TRUE | J21: TRUE | K21: TRUE | L21: TRUE | M21: TRUE | N21: TRUE | O21: TRUE | P21: TRUE | Q21: TRUE | R21: TRUE | S21: TRUE | T21: TRUE | U21: TRUE | V21: TRUE | W21: TRUE | X21: TRUE | Y21: TRUE | Z21: TRUE | AA21: TRUE | AB21: TRUE | AC21: TRUE | AD21: TRUE | AE21: TRUE | AF21: TRUE | AG21: TRUE | AH21: TRUE | AI21: TRUE | AJ21: TRUE | AK21: TRUE | AL21: TRUE | AM21: TRUE | AN21: TRUE | AO21: TRUE | AP21: TRUE | AQ21: TRUE | AR21: TRUE | AS21: TRUE | AT21: TRUE | AU21: TRUE | AV21: TRUE | AW21: TRUE | AX21: TRUE | AY21: TRUE | AZ21: TRUE | BA21: TRUE | BB21: TRUE | BC21: TRUE | BD21: TRUE | BE21: TRUE | BF21: TRUE | BG21: TRUE | BH21: TRUE | BI21: TRUE | BJ21: TRUE | BK21: TRUE | BL21: TRUE | BM21: TRUE | BN21: TRUE | BO21: TRUE | BP21: TRUE | BQ21: TRUE | BR21: TRUE | BS21: TRUE | BT21: TRUE | BU21: TRUE | BV21: TRUE | BW21: TRUE | BX21: TRUE | BY21: TRUE | BZ21: TRUE | CA21: TRUE | CB21: TRUE | CC21: TRUE | CD21: TRUE | CE21: TRUE | CF21: TRUE | CG21: TRUE | CH21: TRUE | CI21: TRUE | CJ21: TRUE | CK21: TRUE | CL21: TRUE | CM21: TRUE | CN21: TRUE | CO21: TRUE | CP21: TRUE | CQ21: TRUE | CR21: TRUE | CS21: TRUE | CT21: TRUE | CU21: TRUE | CV21: TRUE | CW21: TRUE
A22: E212p10_hab1_PeGreens_Algae | B22: TRUE | C22: TRUE | D22: NA | E22: NA | F22: NA | G22: NA | H22: NA | I22: NA | J22: NA | K22: NA | L22: NA | M22: NA | N22: NA | O22: NA | P22: NA | Q22: NA | R22: NA | S22: NA | T22: NA | U22: NA | V22: NA | W22: NA | X22: NA | Y22: NA | Z22: NA | AA22: NA | AB22: NA | AC22: NA | AD22: NA | AE22: NA | AF22: NA | AG22: NA | AH22: NA | AI22: NA | AJ22: NA | AK22: NA | AL22: NA | AM22: NA | AN22: NA | AO22: NA | AP22: NA | AQ22: NA | AR22: NA | AS22: NA | AT22: NA | AU22: NA | AV22: NA | AW22: NA | AX22: NA | AY22: NA | AZ22: NA | BA22: NA | BB22: NA | BC22: NA | BD22: NA | BE22: NA | BF22: NA | BG22: NA | BH22: NA | BI22: NA | BJ22: NA | BK22: NA | BL22: NA | BM22: NA | BN22: NA | BO22: NA | BP22: NA | BQ22: NA | BR22: NA | BS22: NA | BT22: NA | BU22: NA | BV22: NA | BW22: NA | BX22: NA | BY22: NA | BZ22: NA | CA22: NA | CB22: NA | CC22: NA | CD22: NA | CE22: NA | CF22: NA | CG22: NA | CH22: NA | CI22: NA | CJ22: NA | CK22: NA | CL22: NA | CM22: NA | CN22: NA | CO22: NA | CP22: NA | CQ22: NA | CR22: NA | CS22: NA | CT22: NA | CU22: NA | CV22: NA | CW22: NA
A23: E212p10_hab1_PeDiatoms_Algae | B23: TRUE | C23: TRUE | D23: TRUE | E23: TRUE | F23: TRUE | G23: TRUE | H23: TRUE | I23: TRUE | J23: TRUE | K23: TRUE | L23: TRUE | M23: TRUE | N23: TRUE | O23: TRUE | P23: TRUE | Q23: TRUE | R23: TRUE | S23: TRUE | T23: TRUE | U23: TRUE | V23: TRUE | W23: TRUE | X23: TRUE | Y23: TRUE | Z23: TRUE | AA23: TRUE | AB23: TRUE | AC23: TRUE | AD23: TRUE | AE23: TRUE | AF23: TRUE | AG23: TRUE | AH23: TRUE | AI23: TRUE | AJ23: TRUE | AK23: TRUE | AL23: TRUE | AM23: TRUE | AN23: TRUE | AO23: TRUE | AP23: TRUE | AQ23: TRUE | AR23: TRUE | AS23: TRUE | AT23: TRUE | AU23: TRUE | AV23: TRUE | AW23: TRUE | AX23: TRUE | AY23: TRUE | AZ23: TRUE | BA23: TRUE | BB23: TRUE | BC23: TRUE | BD23: TRUE | BE23: TRUE | BF23: TRUE | BG23: TRUE | BH23: TRUE | BI23: TRUE | BJ23: TRUE | BK23: TRUE | BL23: TRUE | BM23: TRUE | BN23: TRUE | BO23: TRUE | BP23: TRUE | BQ23: TRUE | BR23: TRUE | BS23: TRUE | BT23: TRUE | BU23: TRUE | BV23: TRUE | BW23: TRUE | BX23: TRUE | BY23: TRUE | BZ23: TRUE | CA23: TRUE | CB23: TRUE | CC23: TRUE | CD23: TRUE | CE23: TRUE | CF23: TRUE | CG23: TRUE | CH23: TRUE | CI23: TRUE | CJ23: TRUE | CK23: TRUE | CL23: TRUE | CM23: TRUE | CN23: TRUE | CO23: TRUE | CP23: TRUE | CQ23: TRUE | CR23: TRUE | CS23: TRUE | CT23: TRUE | CU23: TRUE | CV23: TRUE | CW23: TRUE
A24: E212p10_hab1_CladoceraPhytophilous_Invertebrates | B24: TRUE | C24: TRUE | D24: TRUE | E24: TRUE | F24: TRUE | G24: TRUE | H24: TRUE | I24: TRUE | J24: TRUE | K24: TRUE | L24: TRUE | M24: TRUE | N24: TRUE | O24: TRUE | P24: TRUE | Q24: TRUE | R24: TRUE | S24: TRUE | T24: TRUE | U24: TRUE | V24: TRUE | W24: TRUE | X24: TRUE | Y24: TRUE | Z24: TRUE | AA24: TRUE | AB24: TRUE | AC24: TRUE | AD24: TRUE | AE24: TRUE | AF24: TRUE | AG24: TRUE | AH24: TRUE | AI24: TRUE | AJ24: TRUE | AK24: TRUE | AL24: TRUE | AM24: TRUE | AN24: TRUE | AO24: TRUE | AP24: TRUE | AQ24: TRUE | AR24: TRUE | AS24: TRUE | AT24: TRUE | AU24: TRUE | AV24: TRUE | AW24: TRUE | AX24: TRUE | AY24: TRUE | AZ24: TRUE | BA24: TRUE | BB24: TRUE | BC24: TRUE | BD24: TRUE | BE24: TRUE | BF24: TRUE | BG24: TRUE | BH24: TRUE | BI24: TRUE | BJ24: TRUE | BK24: TRUE | BL24: TRUE | BM24: TRUE | BN24: TRUE | BO24: TRUE | BP24: TRUE | BQ24: TRUE | BR24: TRUE | BS24: TRUE | BT24: TRUE | BU24: TRUE | BV24: TRUE | BW24: TRUE | BX24: TRUE | BY24: TRUE | BZ24: TRUE | CA24: TRUE | CB24: TRUE | CC24: TRUE | CD24: TRUE | CE24: TRUE | CF24: TRUE | CG24: TRUE | CH24: TRUE | CI24: TRUE | CJ24: TRUE | CK24: TRUE | CL24: TRUE | CM24: TRUE | CN24: TRUE | CO24: TRUE | CP24: TRUE | CQ24: TRUE | CR24: TRUE | CS24: TRUE | CT24: TRUE | CU24: TRUE | CV24: TRUE | CW24: TRUE
A25: E212p10_hab1_CladoceraSmall_Invertebrates | B25: TRUE | C25: TRUE | D25: TRUE | E25: TRUE | F25: TRUE | G25: TRUE | H25: TRUE | I25: TRUE | J25: TRUE | K25: TRUE | L25: TRUE | M25: TRUE | N25: TRUE | O25: TRUE | P25: TRUE | Q25: TRUE | R25: TRUE | S25: TRUE | T25: TRUE | U25: TRUE | V25: TRUE | W25: TRUE | X25: TRUE | Y25: TRUE | Z25: TRUE | AA25: TRUE | AB25: TRUE | AC25: TRUE | AD25: TRUE | AE25: TRUE | AF25: TRUE | AG25: TRUE | AH25: TRUE | AI25: TRUE | AJ25: TRUE | AK25: TRUE | AL25: TRUE | AM25: TRUE | AN25: TRUE | AO25: TRUE | AP25: TRUE | AQ25: TRUE | AR25: TRUE | AS25: TRUE | AT25: TRUE | AU25: TRUE | AV25: TRUE | AW25: TRUE | AX25: TRUE | AY25: TRUE | AZ25: TRUE | BA25: TRUE | BB25: TRUE | BC25: TRUE | BD25: TRUE | BE25: TRUE | BF25: TRUE | BG25: TRUE | BH25: TRUE | BI25: TRUE | BJ25: TRUE | BK25: TRUE | BL25: TRUE | BM25: TRUE | BN25: TRUE | BO25: TRUE | BP25: TRUE | BQ25: TRUE | BR25: TRUE | BS25: TRUE | BT25: TRUE | BU25: TRUE | BV25: TRUE | BW25: TRUE | BX25: TRUE | BY25: TRUE | BZ25: TRUE | CA25: TRUE | CB25: TRUE | CC25: TRUE | CD25: TRUE | CE25: TRUE | CF25: FALSE | CG25: FALSE | CH25: FALSE | CI25: FALSE | CJ25: FALSE | CK25: FALSE | CL25: FALSE | CM25: FALSE | CN25: FALSE | CO25: FALSE | CP25: FALSE | CQ25: FALSE | CR25: FALSE | CS25: FALSE | CT25: FALSE | CU25: FALSE | CV25: FALSE | CW25: FALSE
A26: E212p10_hab1_CopepodaPredatory_Invertebrates | B26: TRUE | C26: TRUE | D26: TRUE | E26: TRUE | F26: TRUE | G26: TRUE | H26: TRUE | I26: TRUE | J26: TRUE | K26: TRUE | L26: TRUE | M26: TRUE | N26: TRUE | O26: TRUE | P26: TRUE | Q26: TRUE | R26: TRUE | S26: TRUE | T26: TRUE | U26: TRUE | V26: TRUE | W26: TRUE | X26: TRUE | Y26: TRUE | Z26: TRUE | AA26: TRUE | AB26: TRUE | AC26: TRUE | AD26: TRUE | AE26: TRUE | AF26: TRUE | AG26: TRUE | AH26: TRUE | AI26: TRUE | AJ26: TRUE | AK26: TRUE | AL26: TRUE | AM26: TRUE | AN26: TRUE | AO26: TRUE | AP26: TRUE | AQ26: TRUE | AR26: TRUE | AS26: TRUE | AT26: TRUE | AU26: TRUE | AV26: TRUE | AW26: TRUE | AX26: TRUE | AY26: TRUE | AZ26: TRUE | BA26: TRUE | BB26: TRUE | BC26: TRUE | BD26: TRUE | BE26: TRUE | BF26: TRUE | BG26: TRUE | BH26: TRUE | BI26: TRUE | BJ26: TRUE | BK26: TRUE | BL26: TRUE | BM26: TRUE | BN26: TRUE | BO26: TRUE | BP26: TRUE | BQ26: TRUE | BR26: TRUE | BS26: TRUE | BT26: TRUE | BU26: TRUE | BV26: TRUE | BW26: TRUE | BX26: TRUE | BY26: TRUE | BZ26: TRUE | CA26: TRUE | CB26: TRUE | CC26: TRUE | CD26: TRUE | CE26: TRUE | CF26: TRUE | CG26: TRUE | CH26: TRUE | CI26: TRUE | CJ26: TRUE | CK26: TRUE | CL26: TRUE | CM26: TRUE | CN26: TRUE | CO26: TRUE | CP26: TRUE | CQ26: TRUE | CR26: TRUE | CS26: TRUE | CT26: TRUE | CU26: TRUE | CV26: TRUE | CW26: TRUE
A27: E212p10_hab1_Daphnidae_Invertebrates | B27: TRUE | C27: TRUE | D27: TRUE | E27: TRUE | F27: TRUE | G27: TRUE | H27: TRUE | I27: TRUE | J27: TRUE | K27: TRUE | L27: TRUE | M27: TRUE | N27: TRUE | O27: TRUE | P27: TRUE | Q27: TRUE | R27: TRUE | S27: TRUE | T27: TRUE | U27: TRUE | V27: TRUE | W27: TRUE | X27: TRUE | Y27: TRUE | Z27: TRUE | AA27: TRUE | AB27: TRUE | AC27: TRUE | AD27: TRUE | AE27: TRUE | AF27: TRUE | AG27: TRUE | AH27: TRUE | AI27: TRUE | AJ27: TRUE | AK27: TRUE | AL27: TRUE | AM27: TRUE | AN27: TRUE | AO27: TRUE | AP27: TRUE | AQ27: TRUE | AR27: TRUE | AS27: TRUE | AT27: TRUE | AU27: TRUE | AV27: TRUE | AW27: TRUE | AX27: TRUE | AY27: TRUE | AZ27: TRUE | BA27: TRUE | BB27: TRUE | BC27: TRUE | BD27: TRUE | BE27: TRUE | BF27: TRUE | BG27: TRUE | BH27: TRUE | BI27: TRUE | BJ27: TRUE | BK27: TRUE | BL27: TRUE | BM27: FALSE | BN27: FALSE | BO27: FALSE | BP27: FALSE | BQ27: FALSE | BR27: FALSE | BS27: FALSE | BT27: FALSE | BU27: FALSE | BV27: FALSE | BW27: FALSE | BX27: FALSE | BY27: FALSE | BZ27: FALSE | CA27: FALSE | CB27: FALSE | CC27: FALSE | CD27: FALSE | CE27: FALSE | CF27: FALSE | CG27: FALSE | CH27: FALSE | CI27: FALSE | CJ27: FALSE | CK27: FALSE | CL27: FALSE | CM27: FALSE | CN27: FALSE | CO27: FALSE | CP27: FALSE | CQ27: FALSE | CR27: FALSE | CS27: FALSE | CT27: FALSE | CU27: FALSE | CV27: FALSE | CW27: FALSE
A28: E212p10_hab1_Simocephalus_Invertebrates | B28: TRUE | C28: TRUE | D28: TRUE | E28: TRUE | F28: TRUE | G28: TRUE | H28: TRUE | I28: TRUE | J28: TRUE | K28: TRUE | L28: TRUE | M28: TRUE | N28: TRUE | O28: TRUE | P28: TRUE | Q28: TRUE | R28: TRUE | S28: TRUE | T28: TRUE | U28: TRUE | V28: TRUE | W28: TRUE | X28: TRUE | Y28: TRUE | Z28: TRUE | AA28: TRUE | AB28: TRUE | AC28: TRUE | AD28: TRUE | AE28: TRUE | AF28: TRUE | AG28: TRUE | AH28: TRUE | AI28: TRUE | AJ28: TRUE | AK28: TRUE | AL28: TRUE | AM28: TRUE | AN28: TRUE | AO28: TRUE | AP28: TRUE | AQ28: TRUE | AR28: TRUE | AS28: TRUE | AT28: TRUE | AU28: TRUE | AV28: TRUE | AW28: TRUE | AX28: TRUE | AY28: TRUE | AZ28: TRUE | BA28: TRUE | BB28: TRUE | BC28: TRUE | BD28: TRUE | BE28: TRUE | BF28: TRUE | BG28: TRUE | BH28: TRUE | BI28: TRUE | BJ28: TRUE | BK28: TRUE | BL28: TRUE | BM28: TRUE | BN28: TRUE | BO28: FALSE | BP28: FALSE | BQ28: FALSE | BR28: FALSE | BS28: FALSE | BT28: FALSE | BU28: FALSE | BV28: FALSE | BW28: FALSE | BX28: FALSE | BY28: FALSE | BZ28: FALSE | CA28: FALSE | CB28: FALSE | CC28: FALSE | CD28: FALSE | CE28: FALSE | CF28: FALSE | CG28: FALSE | CH28: FALSE | CI28: FALSE | CJ28: FALSE | CK28: FALSE | CL28: FALSE | CM28: FALSE | CN28: FALSE | CO28: FALSE | CP28: FALSE | CQ28: FALSE | CR28: FALSE | CS28: FALSE | CT28: FALSE | CU28: FALSE | CV28: FALSE | CW28: FALSE
... A58: E212p33_hab1_Tanypodinae_Invertebrates | B58: TRUE | C58: TRUE | D58: TRUE | E58: TRUE | F58: TRUE | G58: TRUE | H58: TRUE | I58: TRUE | J58: TRUE | K58: TRUE | L58: TRUE | M58: TRUE | N58: TRUE | O58: TRUE | P58: TRUE | Q58: TRUE | R58: TRUE | S58: TRUE | T58: TRUE | U58: TRUE | V58: TRUE | W58: TRUE | X58: TRUE | Y58: TRUE | Z58: TRUE | AA58: TRUE | AB58: TRUE | AC58: TRUE | AD58: TRUE | AE58: TRUE | AF58: TRUE | AG58: TRUE | AH58: TRUE | AI58: TRUE | AJ58: TRUE | AK58: TRUE | AL58: TRUE | AM58: TRUE | AN58: TRUE | AO58: TRUE | AP58: TRUE | AQ58: TRUE | AR58: TRUE | AS58: TRUE | AT58: TRUE | AU58: TRUE | AV58: TRUE | AW58: TRUE | AX58: TRUE | AY58: TRUE | AZ58: TRUE | BA58: TRUE | BB58: TRUE | BC58: TRUE | BD58: TRUE | BE58: TRUE | BF58: TRUE | BG58: TRUE | BH58: TRUE | BI58: TRUE | BJ58: TRUE | BK58: TRUE | BL58: TRUE | BM58: TRUE | BN58: TRUE | BO58: TRUE | BP58: TRUE | BQ58: TRUE | BR58: TRUE | BS58: TRUE | BT58: TRUE | BU58: TRUE | BV58: TRUE | BW58: TRUE | BX58: TRUE | BY58: TRUE | BZ58: TRUE | CA58: TRUE | CB58: TRUE | CC58: TRUE | CD58: TRUE | CE58: TRUE | CF58: TRUE | CG58: TRUE | CH58: TRUE | CI58: TRUE | CJ58: TRUE | CK58: TRUE | CL58: TRUE | CM58: TRUE | CN58: TRUE | CO58: TRUE | CP58: TRUE | CQ58: TRUE | CR58: TRUE | CS58: TRUE | CT58: TRUE | CU58: TRUE | CV58: TRUE | CW58: TRUE
A61: excluded because not relevant for assessment (FPOM: no criteria, Gammarus and Copepoda Herbivorous: not occuring)
A62: E212p10_hab1_FPOM_POM | B62: TRUE | C62: TRUE | D62: TRUE | E62: TRUE | F62: TRUE | G62: TRUE | H62: TRUE | I62: TRUE | J62: TRUE | K62: TRUE | L62: TRUE | M62: TRUE | N62: TRUE | O62: TRUE | P62: TRUE | Q62: TRUE | R62: TRUE | S62: TRUE | T62: TRUE | U62: TRUE | V62: TRUE | W62: TRUE | X62: TRUE | Y62: TRUE | Z62: TRUE | AA62: TRUE | AB62: TRUE | AC62: TRUE | AD62: TRUE | AE62: TRUE | AF62: TRUE | AG62: TRUE | AH62: TRUE | AI62: TRUE | AJ62: TRUE | AK62: TRUE | AL62: TRUE | AM62: TRUE | AN62: TRUE | AO62: TRUE | AP62: TRUE | AQ62: TRUE | AR62: TRUE | AS62: TRUE | AT62: TRUE | AU62: TRUE | AV62: TRUE | AW62: TRUE | AX62: TRUE | AY62: TRUE | AZ62: TRUE | BA62: TRUE | BB62: TRUE | BC62: TRUE | BD62: TRUE | BE62: TRUE | BF62: TRUE | BG62: TRUE | BH62: TRUE | BI62: TRUE | BJ62: TRUE | BK62: TRUE | BL62: TRUE | BM62: TRUE | BN62: TRUE | BO62: TRUE | BP62: TRUE | BQ62: TRUE | BR62: TRUE | BS62: TRUE | BT62: TRUE | BU62: TRUE | BV62: TRUE | BW62: TRUE | BX62: TRUE | BY62: TRUE | BZ62: TRUE | CA62: TRUE | CB62: TRUE | CC62: TRUE | CD62: TRUE | CE62: TRUE | CF62: TRUE | CG62: TRUE | CH62: TRUE | CI62: TRUE | CJ62: TRUE | CK62: TRUE | CL62: TRUE | CM62: TRUE | CN62: TRUE | CO62: TRUE | CP62: TRUE | CQ62: TRUE | CR62: TRUE | CS62: TRUE | CT62: TRUE | CU62: TRUE | CV62: TRUE | CW62: TRUE
A63: E212p33_hab1_FPOM_POM | B63: TRUE | C63: TRUE | D63: TRUE | E63: TRUE | F63: TRUE | G63: TRUE | H63: TRUE | I63: TRUE | J63: TRUE | K63: TRUE | L63: TRUE | M63: TRUE | N63: TRUE | O63: TRUE | P63: TRUE | Q63: TRUE | R63: TRUE | S63: TRUE | T63: TRUE | U63: TRUE | V63: TRUE | W63: TRUE | X63: TRUE | Y63: TRUE | Z63: TRUE | AA63: TRUE | AB63: TRUE | AC63: TRUE | AD63: TRUE | AE63: TRUE | AF63: TRUE | AG63: TRUE | AH63: TRUE | AI63: TRUE | AJ63: TRUE | AK63: TRUE | AL63: TRUE | AM63: TRUE | AN63: TRUE | AO63: TRUE | AP63: TRUE | AQ63: TRUE | AR63: TRUE | AS63: TRUE | AT63: TRUE | AU63: TRUE | AV63: TRUE | AW63: TRUE | AX63: TRUE | AY63: TRUE | AZ63: TRUE | BA63: TRUE | BB63: TRUE | BC63: TRUE | BD63: TRUE | BE63: TRUE | BF63: TRUE | BG63: TRUE | BH63: TRUE | BI63: TRUE | BJ63: TRUE | BK63: TRUE | BL63: TRUE | BM63: TRUE | BN63: TRUE | BO63: TRUE | BP63: TRUE | BQ63: TRUE | BR63: TRUE | BS63: TRUE | BT63: TRUE | BU63: TRUE | BV63: TRUE | BW63: TRUE | BX63: TRUE | BY63: TRUE | BZ63: TRUE | CA63: TRUE | CB63: TRUE | CC63: TRUE | CD63: TRUE | CE63: TRUE | CF63: TRUE | CG63: TRUE | CH63: TRUE | CI63: TRUE | CJ63: TRUE | CK63: TRUE | CL63: TRUE | CM63: TRUE | CN63: TRUE | CO63: TRUE | CP63: TRUE | CQ63: TRUE | CR63: TRUE | CS63: TRUE | CT63: TRUE | CU63: TRUE | CV63: TRUE | CW63: TRUE
A64: E212p10_hab1_CopepodaHerbivorous_Invertebrates | B64: NA | C64: NA | D64: NA | E64: NA | F64: NA | G64: NA | H64: NA | I64: NA | J64: NA | K64: NA | L64: NA | M64: NA | N64: NA | O64: NA | P64: NA | Q64: NA | R64: NA | S64: NA | T64: NA | U64: NA | V64: NA | W64: NA | X64: NA | Y64: NA | Z64: NA | AA64: NA | AB64: NA | AC64: NA | AD64: NA | AE64: NA | AF64: NA | AG64: NA | AH64: NA | AI64: NA | AJ64: NA | AK64: NA | AL64: NA | AM64: NA | AN64: NA | AO64: NA | AP64: NA | AQ64: NA | AR64: NA | AS64: NA | AT64: NA | AU64: NA | AV64: NA | AW64: NA | AX64: NA | AY64: NA | AZ64: NA | BA64: NA | BB64: NA | BC64: NA | BD64: NA | BE64: NA | BF64: NA | BG64: NA | BH64: NA | BI64: NA | BJ64: NA | BK64: NA | BL64: NA | BM64: NA | BN64: NA | BO64: NA | BP64: NA | BQ64: NA | BR64: NA | BS64: NA | BT64: NA | BU64: NA | BV64: NA | BW64: NA | BX64: NA | BY64: NA | BZ64: NA | CA64: NA | CB64: NA | CC64: NA | CD64: NA | CE64: NA | CF64: NA | CG64: NA | CH64: NA | CI64: NA | CJ64: NA | CK64: NA | CL64: NA | CM64: NA | CN64: NA | CO64: NA | CP64: NA | CQ64: NA | CR64: NA | CS64: NA | CT64: NA | CU64: NA | CV64: NA | CW64: NA
A65: E212p10_hab1_Gammarus_Invertebrates | B65: NA | C65: NA | D65: NA | E65: NA | F65: NA | G65: NA | H65: NA | I65: NA | J65: NA | K65: NA | L65: NA | M65: NA | N65: NA | O65: NA | P65: NA | Q65: NA | R65: NA | S65: NA | T65: NA | U65: NA | V65: NA | W65: NA | X65: NA | Y65: NA | Z65: NA | AA65: NA | AB65: NA | AC65: NA | AD65: NA | AE65: NA | AF65: NA | AG65: NA | AH65: NA | AI65: NA | AJ65: NA | AK65: NA | AL65: NA | AM65: NA | AN65: NA | AO65: NA | AP65: NA | AQ65: NA | AR65: NA | AS65: NA | AT65: NA | AU65: NA | AV65: NA | AW65: NA | AX65: NA | AY65: NA | AZ65: NA | BA65: NA | BB65: NA | BC65: NA | BD65: NA | BE65: NA | BF65: NA | BG65: NA | BH65: NA | BI65: NA | BJ65: NA | BK65: NA | BL65: NA | BM65: NA | BN65: NA | BO65: NA | BP65: NA | BQ65: NA | BR65: NA | BS65: NA | BT65: NA | BU65: NA | BV65: NA | BW65: NA | BX65: NA | BY65: NA | BZ65: NA | CA65: NA | CB65: NA | CC65: NA | CD65: NA | CE65: NA | CF65: NA | CG65: NA | CH65: NA | CI65: NA | CJ65: NA | CK65: NA | CL65: NA | CM65: NA | CN65: NA | CO65: NA | CP65: NA | CQ65: NA | CR65: NA | CS65: NA | CT65: NA | CU65: NA | CV65: NA | CW65: NA
A66: E212p33_hab1_CopepodaHerbivorous_Invertebrates | B66: NA | C66: NA | D66: NA | E66: NA | F66: NA | G66: NA | H66: NA | I66: NA | J66: NA | K66: NA | L66: NA | M66: NA | N66: NA | O66: NA | P66: NA | Q66: NA | R66: NA | S66: NA | T66: NA | U66: NA | V66: NA | W66: NA | X66: NA | Y66: NA | Z66: NA | AA66: NA | AB66: NA | AC66: NA | AD66: NA | AE66: NA | AF66: NA | AG66: NA | AH66: NA | AI66: NA | AJ66: NA | AK66: NA | AL66: NA | AM66: NA | AN66: NA | AO66: NA | AP66: NA | AQ66: NA | AR66: NA | AS66: NA | AT66: NA | AU66: NA | AV66: NA | AW66: NA | AX66: NA | AY66: NA | AZ66: NA | BA66: NA | BB66: NA | BC66: NA | BD66: NA | BE66: NA | BF66: NA | BG66: NA | BH66: NA | BI66: NA | BJ66: NA | BK66: NA | BL66: NA | BM66: NA | BN66: NA | BO66: NA | BP66: NA | BQ66: NA | BR66: NA | BS66: NA | BT66: NA | BU66: NA | BV66: NA | BW66: NA | BX66: NA | BY66: NA | BZ66: NA | CA66: NA | CB66: NA | CC66: NA | CD66: NA | CE66: NA | CF66: NA | CG66: NA | CH66: NA | CI66: NA | CJ66: NA | CK66: NA | CL66: NA | CM66: NA | CN66: NA | CO66: NA | CP66: NA | CQ66: NA | CR66: NA | CS66: NA | CT66: NA | CU66: NA | CV66: NA | CW66: NA
A67: E212p33_hab1_Gammarus_Invertebrates | B67: NA | C67: NA | D67: NA | E67: NA | F67: NA | G67: NA | H67: NA | I67: NA | J67: NA | K67: NA | L67: NA | M67: NA | N67: NA | O67: NA | P67: NA | Q67: NA | R67: NA | S67: NA | T67: NA | U67: NA | V67: NA | W67: NA | X67: NA | Y67: NA | Z67: NA | AA67: NA | AB67: NA | AC67: NA | AD67: NA | AE67: NA | AF67: NA | AG67: NA | AH67: NA | AI67: NA | AJ67: NA | AK67: NA | AL67: NA | AM67: NA | AN67: NA | AO67: NA | AP67: NA | AQ67: NA | AR67: NA | AS67: NA | AT67: NA | AU67: NA | AV67: NA | AW67: NA | AX67: NA | AY67: NA | AZ67: NA | BA67: NA | BB67: NA | BC67: NA | BD67: NA | BE67: NA | BF67: NA | BG67: NA | BH67: NA | BI67: NA | BJ67: NA | BK67: NA | BL67: NA | BM67: NA | BN67: NA | BO67: NA | BP67: NA | BQ67: NA | BR67: NA | BS67: NA | BT67: NA | BU67: NA | BV67: NA | BW67: NA | BX67: NA | BY67: NA | BZ67: NA | CA67: NA | CB67: NA | CC67: NA | CD67: NA | CE67: NA | CF67: NA | CG67: NA | CH67: NA | CI67: NA | CJ67: NA | CK67: NA | CL67: NA | CM67: NA | CN67: NA | CO67: NA | CP67: NA | CQ67: NA | CR67: NA | CS67: NA | CT67: NA | CU67: NA | CV67: NA | CW67: NA
